,DATETIMEDATA,PM25,PM10,O3,CO,NO2,SO2,WS,TEMP,RH,WD,BP,RAIN
0,2024-01-01 00:00:00,16.5,,16.0,,,,1,27,79,115,759,0
1,2024-01-01 01:00:00,33.6,,0.0,,,,1,27,82,97,759,0
2,2024-01-01 02:00:00,34.2,,0.0,,,,1,26,84,96,758,0
3,2024-01-01 03:00:00,20.1,,0.0,,,,1,26,82,108,758,0
4,2024-01-01 04:00:00,16.5,,1.0,,,,1,27,79,106,758,0
5,2024-01-01 05:00:00,15.4,,1.0,,,,1,26,82,108,758,0
6,2024-01-01 06:00:00,15.7,,7.0,,,,1,26,82,109,758,0
7,2024-01-01 07:00:00,18.1,,1.0,,,,1,27,79,114,759,0
8,2024-01-01 08:00:00,19.5,,0.0,,,,1,28,72,110,759,0
9,2024-01-01 09:00:00,17.5,,1.0,,,,1,29,68,120,760,0
10,2024-01-01 10:00:00,16.4,,,,,,1,30,65,151,760,0
11,2024-01-01 11:00:00,15.8,,9.0,,,,1,31,60,177,759,0
12,2024-01-01 12:00:00,16.7,,14.0,,,,1,32,57,174,759,0
13,2024-01-01 13:00:00,14.8,,25.0,,,,1,32,53,157,758,0
14,2024-01-01 14:00:00,13.4,,0.0,,,,1,32,50,144,758,0
15,2024-01-01 15:00:00,10.4,,21.0,,,,1,32,52,151,757,0
16,2024-01-01 16:00:00,11.4,,21.0,,,,1,31,56,146,757,0
17,2024-01-01 17:00:00,12.7,,0.0,,,,2,30,62,128,758,0
18,2024-01-01 18:00:00,13.9,,19.0,,,,1,29,71,148,758,0
19,2024-01-01 19:00:00,14.5,,10.0,,,,1,28,75,149,759,0
20,2024-01-01 20:00:00,13.1,,0.0,,,,1,28,76,121,759,0
21,2024-01-01 21:00:00,15.2,,0.0,,,,1,28,76,116,760,0
22,2024-01-01 22:00:00,16.9,,2.0,,,,1,28,78,116,760,0
23,2024-01-01 23:00:00,15.2,,2.0,,,,1,28,79,117,759,0
24,2024-01-02 00:00:00,12.4,,0.0,,,,2,27,79,120,759,0
25,2024-01-02 01:00:00,11.8,,7.0,,,,1,27,80,114,759,0
26,2024-01-02 02:00:00,12.5,,0.0,,,,0,26,85,106,758,0
27,2024-01-02 03:00:00,13.5,,1.0,,,,0,26,89,105,758,0
28,2024-01-02 04:00:00,14.9,,1.0,,,,1,25,91,107,758,0
29,2024-01-02 05:00:00,12.6,,1.0,,,,0,25,93,103,758,0
30,2024-01-02 06:00:00,15.2,,0.0,,,,0,25,92,105,759,0
31,2024-01-02 07:00:00,19.3,,2.0,,,,1,26,88,106,759,0
32,2024-01-02 08:00:00,18.7,,0.0,,,,1,29,72,118,760,0
33,2024-01-02 09:00:00,17.2,,9.0,,,,2,30,66,129,760,0
34,2024-01-02 10:00:00,11.7,,22.0,,,,1,31,59,132,759,0
35,2024-01-02 11:00:00,12.5,,,,,,1,31,55,193,759,0
36,2024-01-02 12:00:00,11.3,,10.0,,,,1,32,55,146,758,0
37,2024-01-02 13:00:00,11.1,,1.0,,,,1,32,53,203,758,0
38,2024-01-02 14:00:00,12.0,,7.0,,,,1,32,54,173,757,0
39,2024-01-02 15:00:00,9.9,,0.0,,,,1,31,56,178,757,0
40,2024-01-02 16:00:00,9.3,,2.0,,,,1,31,57,171,757,0
41,2024-01-02 17:00:00,9.9,,1.0,,,,1,29,65,180,757,0
42,2024-01-02 18:00:00,10.8,,15.0,,,,1,28,71,138,758,0
43,2024-01-02 19:00:00,16.5,,9.0,,,,1,28,73,134,758,0
44,2024-01-02 20:00:00,13.1,,0.0,,,,1,28,74,126,759,0
45,2024-01-02 21:00:00,15.3,,0.0,,,,1,28,76,111,760,0
46,2024-01-02 22:00:00,14.3,,2.0,,,,1,27,77,111,760,0
47,2024-01-02 23:00:00,12.6,,3.0,,,,1,27,77,113,759,0
48,2024-01-03 00:00:00,9.9,,12.0,,,,1,27,80,109,759,0
49,2024-01-03 01:00:00,10.8,,0.0,,,,0,26,83,105,759,0
50,2024-01-03 02:00:00,14.8,,0.0,,,,0,26,84,106,758,0
51,2024-01-03 03:00:00,13.1,,0.0,,,,0,26,86,106,758,0
52,2024-01-03 04:00:00,21.1,,1.0,,,,0,25,90,108,758,0
53,2024-01-03 05:00:00,13.6,,1.0,,,,1,25,92,106,758,0
54,2024-01-03 06:00:00,14.5,,1.0,,,,1,25,91,106,759,0
55,2024-01-03 07:00:00,17.0,,1.0,,,,1,26,87,106,759,0
56,2024-01-03 08:00:00,21.3,,0.0,,,,1,29,74,116,760,0
57,2024-01-03 09:00:00,17.4,,3.0,,,,1,30,67,123,760,0
58,2024-01-03 10:00:00,18.2,,26.0,,,,1,31,59,148,760,0
59,2024-01-03 11:00:00,19.2,,14.0,,,,1,31,58,168,759,0
60,2024-01-03 12:00:00,11.4,,,,,,1,32,55,193,759,0
61,2024-01-03 13:00:00,15.1,,5.0,,,,1,32,52,204,758,0
62,2024-01-03 14:00:00,14.8,,19.0,,,,1,32,53,168,757,0
63,2024-01-03 15:00:00,15.2,,15.0,,,,1,32,56,156,757,0
64,2024-01-03 16:00:00,16.6,,0.0,,,,1,31,59,153,757,0
65,2024-01-03 17:00:00,16.7,,3.0,,,,1,30,65,160,757,0
66,2024-01-03 18:00:00,15.6,,2.0,,,,1,29,71,190,757,0
67,2024-01-03 19:00:00,20.4,,7.0,,,,1,28,73,150,758,0
68,2024-01-03 20:00:00,15.4,,0.0,,,,1,28,74,170,759,0
69,2024-01-03 21:00:00,14.0,,0.0,,,,1,28,74,128,759,0
70,2024-01-03 22:00:00,13.6,,2.0,,,,1,28,75,128,759,0
71,2024-01-03 23:00:00,11.8,,2.0,,,,1,28,76,118,759,0
72,2024-01-04 00:00:00,11.1,,3.0,,,,1,27,78,107,759,0
73,2024-01-04 01:00:00,11.8,,8.0,,,,1,27,79,108,758,0
74,2024-01-04 02:00:00,12.8,,0.0,,,,1,26,83,103,758,0
75,2024-01-04 03:00:00,15.3,,0.0,,,,0,26,84,104,758,0
76,2024-01-04 04:00:00,12.9,,1.0,,,,1,26,86,105,758,0
77,2024-01-04 05:00:00,17.0,,1.0,,,,1,26,87,104,758,0
78,2024-01-04 06:00:00,15.1,,0.0,,,,1,26,85,106,759,0
79,2024-01-04 07:00:00,15.7,,5.0,,,,1,27,79,117,759,0
80,2024-01-04 08:00:00,16.4,,0.0,,,,1,29,73,118,760,0
81,2024-01-04 09:00:00,21.5,,2.0,,,,1,30,65,137,760,0
82,2024-01-04 10:00:00,20.5,,14.0,,,,1,32,58,106,760,0
83,2024-01-04 11:00:00,16.4,,34.0,,,,1,32,53,155,759,0
84,2024-01-04 12:00:00,14.5,,13.0,,,,1,33,51,116,759,0
85,2024-01-04 13:00:00,15.4,,,,,,1,33,48,135,758,0
86,2024-01-04 14:00:00,13.4,,34.0,,,,1,33,50,175,757,0
87,2024-01-04 15:00:00,17.1,,33.0,,,,1,32,56,154,757,0
88,2024-01-04 16:00:00,14.6,,32.0,,,,1,32,58,142,757,0
89,2024-01-04 17:00:00,19.7,,11.0,,,,1,30,64,129,758,0
90,2024-01-04 18:00:00,19.7,,16.0,,,,1,29,68,124,758,0
91,2024-01-04 19:00:00,20.9,,6.0,,,,1,28,74,138,759,0
92,2024-01-04 20:00:00,21.1,,0.0,,,,1,28,73,153,759,0
93,2024-01-04 21:00:00,23.1,,0.0,,,,1,28,74,125,759,0
94,2024-01-04 22:00:00,27.6,,10.0,,,,1,28,74,123,760,0
95,2024-01-04 23:00:00,19.9,,4.0,,,,1,27,74,111,760,0
96,2024-01-05 00:00:00,17.5,,19.0,,,,1,27,73,123,759,0
97,2024-01-05 01:00:00,18.4,,2.0,,,,1,27,74,97,759,0
98,2024-01-05 02:00:00,17.0,,0.0,,,,1,26,77,94,758,0
99,2024-01-05 03:00:00,17.4,,3.0,,,,1,26,76,98,758,0
100,2024-01-05 04:00:00,18.9,,0.0,,,,1,26,75,99,758,0
101,2024-01-05 05:00:00,14.6,,1.0,,,,1,26,77,109,758,0
102,2024-01-05 06:00:00,13.8,,1.0,,,,1,26,75,110,759,0
103,2024-01-05 07:00:00,19.9,,1.0,,,,1,27,74,107,759,0
104,2024-01-05 08:00:00,20.1,,0.0,,,,1,28,69,90,760,0
105,2024-01-05 09:00:00,19.0,,0.0,,,,1,30,66,114,760,0
106,2024-01-05 10:00:00,18.5,,2.0,,,,1,30,63,148,760,0
107,2024-01-05 11:00:00,21.3,,7.0,,,,1,31,56,214,759,0
108,2024-01-05 12:00:00,17.6,,1.0,,,,1,31,56,232,759,0
109,2024-01-05 13:00:00,15.3,,7.0,,,,1,32,49,190,758,0
110,2024-01-05 14:00:00,12.4,,,,,,1,31,53,175,758,0
111,2024-01-05 15:00:00,13.1,,32.0,,,,1,31,55,201,758,0
112,2024-01-05 16:00:00,11.6,,30.0,,,,1,30,58,177,758,0
113,2024-01-05 17:00:00,18.0,,30.0,,,,1,29,65,152,758,0
114,2024-01-05 18:00:00,19.2,,8.0,,,,1,28,70,173,759,0
115,2024-01-05 19:00:00,19.4,,2.0,,,,1,28,70,151,759,0
116,2024-01-05 20:00:00,22.4,,1.0,,,,1,28,70,123,760,0
117,2024-01-05 21:00:00,20.4,,1.0,,,,1,28,71,104,760,0
118,2024-01-05 22:00:00,21.6,,9.0,,,,1,27,72,99,760,0
119,2024-01-05 23:00:00,17.1,,20.0,,,,1,27,74,114,760,0
120,2024-01-06 00:00:00,18.6,,2.0,,,,1,27,77,111,759,0
121,2024-01-06 01:00:00,19.9,,1.0,,,,1,27,78,115,759,0
122,2024-01-06 02:00:00,20.1,,0.0,,,,1,27,78,114,759,0
123,2024-01-06 03:00:00,22.7,,1.0,,,,1,27,78,113,758,0
124,2024-01-06 04:00:00,20.6,,0.0,,,,1,26,79,108,758,0
125,2024-01-06 05:00:00,20.6,,4.0,,,,1,26,83,105,759,0
126,2024-01-06 06:00:00,20.0,,3.0,,,,1,26,82,110,759,0
127,2024-01-06 07:00:00,23.2,,0.0,,,,1,26,83,111,760,0
128,2024-01-06 08:00:00,24.0,,1.0,,,,1,29,70,123,760,0
129,2024-01-06 09:00:00,23.8,,14.0,,,,1,29,68,141,760,0
130,2024-01-06 10:00:00,28.7,,12.0,,,,1,30,59,171,760,0
131,2024-01-06 11:00:00,30.5,,1.0,,,,1,31,57,178,759,0
132,2024-01-06 12:00:00,20.2,,1.0,,,,1,31,59,194,759,0
133,2024-01-06 13:00:00,21.1,,13.0,,,,1,31,58,180,758,0
134,2024-01-06 14:00:00,18.8,,1.0,,,,1,31,58,170,757,0
135,2024-01-06 15:00:00,22.4,,,,,,1,31,57,202,757,0
136,2024-01-06 16:00:00,20.7,,7.0,,,,1,31,61,168,757,0
137,2024-01-06 17:00:00,17.8,,4.0,,,,1,29,65,145,758,0
138,2024-01-06 18:00:00,16.7,,4.0,,,,1,29,70,147,758,0
139,2024-01-06 19:00:00,17.8,,6.0,,,,1,28,73,148,759,0
140,2024-01-06 20:00:00,20.7,,2.0,,,,1,28,75,121,759,0
141,2024-01-06 21:00:00,15.9,,20.0,,,,1,28,75,114,760,0
142,2024-01-06 22:00:00,13.8,,26.0,,,,1,28,76,111,760,0
143,2024-01-06 23:00:00,17.2,,27.0,,,,1,28,81,113,760,0
144,2024-01-07 00:00:00,19.2,,31.0,,,,1,27,83,113,759,0
145,2024-01-07 01:00:00,20.9,,28.0,,,,1,26,89,127,759,7
146,2024-01-07 02:00:00,19.3,,17.0,,,,1,25,93,100,759,1
147,2024-01-07 03:00:00,13.7,,6.0,,,,1,25,95,91,758,3
148,2024-01-07 04:00:00,11.8,,8.0,,,,1,25,96,92,758,6
149,2024-01-07 05:00:00,14.1,,0.0,,,,1,25,97,106,759,3
150,2024-01-07 06:00:00,13.1,,3.0,,,,1,25,96,122,759,2
151,2024-01-07 07:00:00,16.6,,9.0,,,,1,26,94,120,759,0
152,2024-01-07 08:00:00,17.2,,17.0,,,,0,26,93,123,760,5
153,2024-01-07 09:00:00,18.2,,23.0,,,,1,27,87,234,760,1
154,2024-01-07 10:00:00,16.4,,,,,,1,28,78,231,760,0
155,2024-01-07 11:00:00,19.1,,2.0,,,,1,30,69,227,760,0
156,2024-01-07 12:00:00,16.8,,2.0,,,,1,30,65,218,759,0
157,2024-01-07 13:00:00,17.7,,2.0,,,,2,28,79,228,758,4
158,2024-01-07 14:00:00,21.3,,9.0,,,,1,28,78,212,758,0
159,2024-01-07 15:00:00,19.6,,3.0,,,,1,30,67,237,758,0
160,2024-01-07 16:00:00,16.7,,,,,,1,29,69,230,758,0
161,2024-01-07 17:00:00,16.3,,0.0,,,,1,28,72,190,758,0
162,2024-01-07 18:00:00,15.9,,1.0,,,,1,28,74,162,758,0
163,2024-01-07 19:00:00,20.7,,19.0,,,,1,28,74,163,759,0
164,2024-01-07 20:00:00,14.0,,8.0,,,,1,28,75,176,759,0
165,2024-01-07 21:00:00,13.5,,14.0,,,,1,28,77,131,760,0
166,2024-01-07 22:00:00,15.7,,0.0,,,,1,27,79,116,760,0
167,2024-01-07 23:00:00,11.9,,0.0,,,,1,27,82,117,759,0
168,2024-01-08 00:00:00,13.9,,1.0,,,,1,27,83,113,759,0
169,2024-01-08 01:00:00,15.7,,15.0,,,,1,27,83,103,759,0
170,2024-01-08 02:00:00,10.3,,22.0,,,,1,27,84,103,758,0
171,2024-01-08 03:00:00,16.5,,0.0,,,,1,27,84,98,758,0
172,2024-01-08 04:00:00,11.2,,1.0,,,,1,27,84,106,758,0
173,2024-01-08 05:00:00,19.4,,0.0,,,,1,26,86,108,758,0
174,2024-01-08 06:00:00,14.6,,1.0,,,,1,27,85,115,758,0
175,2024-01-08 07:00:00,14.2,,13.0,,,,1,27,83,113,759,0
176,2024-01-08 08:00:00,13.1,,9.0,,,,1,27,85,110,760,0
177,2024-01-08 09:00:00,16.8,,1.0,,,,1,28,78,115,760,0
178,2024-01-08 10:00:00,14.1,,0.0,,,,1,29,75,155,759,0
179,2024-01-08 11:00:00,,,0.0,,,,1,30,68,166,759,0
180,2024-01-08 12:00:00,16.5,,4.0,,,,1,30,65,211,759,0
181,2024-01-08 13:00:00,13.8,,5.0,,,,1,31,65,201,758,0
182,2024-01-08 14:00:00,16.2,,2.0,,,,1,31,62,214,758,0
183,2024-01-08 15:00:00,16.9,,0.0,,,,1,31,63,182,757,0
184,2024-01-08 16:00:00,14.6,,0.0,,,,1,30,67,190,758,0
185,2024-01-08 17:00:00,15.5,,,,,,1,29,72,178,758,0
186,2024-01-08 18:00:00,16.7,,6.0,,,,1,28,79,188,758,0
187,2024-01-08 19:00:00,14.5,,5.0,,,,1,28,78,173,759,0
188,2024-01-08 20:00:00,15.2,,1.0,,,,1,28,78,170,759,0
189,2024-01-08 21:00:00,13.3,,1.0,,,,1,28,78,181,759,0
190,2024-01-08 22:00:00,15.9,,0.0,,,,1,27,79,133,759,0
191,2024-01-08 23:00:00,11.2,,0.0,,,,1,27,80,120,759,0
192,2024-01-09 00:00:00,13.2,,2.0,,,,1,27,81,115,759,0
193,2024-01-09 01:00:00,13.5,,14.0,,,,1,27,81,106,758,0
194,2024-01-09 02:00:00,14.9,,11.0,,,,1,27,82,109,758,0
195,2024-01-09 03:00:00,13.8,,1.0,,,,1,27,80,112,758,0
196,2024-01-09 04:00:00,13.3,,1.0,,,,1,26,82,110,758,0
197,2024-01-09 05:00:00,14.9,,3.0,,,,1,27,82,112,758,0
198,2024-01-09 06:00:00,11.7,,0.0,,,,1,26,87,109,758,0
199,2024-01-09 07:00:00,18.0,,4.0,,,,1,26,90,111,759,0
200,2024-01-09 08:00:00,20.4,,6.0,,,,1,28,79,154,759,0
201,2024-01-09 09:00:00,12.6,,21.0,,,,1,29,74,195,759,0
202,2024-01-09 10:00:00,9.9,,22.0,,,,1,30,68,134,759,0
203,2024-01-09 11:00:00,13.9,,22.0,,,,1,31,63,164,759,0
204,2024-01-09 12:00:00,19.5,,0.0,,,,1,31,64,149,758,0
205,2024-01-09 13:00:00,17.5,,1.0,,,,1,31,64,198,757,0
206,2024-01-09 14:00:00,11.7,,8.0,,,,1,30,65,182,757,0
207,2024-01-09 15:00:00,12.5,,1.0,,,,1,31,64,166,757,0
208,2024-01-09 16:00:00,12.8,,0.0,,,,2,30,69,133,757,0
209,2024-01-09 17:00:00,14.7,,4.0,,,,2,29,71,133,757,0
210,2024-01-09 18:00:00,15.7,,,,,,1,29,75,124,758,0
211,2024-01-09 19:00:00,18.6,,8.0,,,,1,28,77,120,758,0
212,2024-01-09 20:00:00,17.8,,6.0,,,,1,28,80,110,759,0
213,2024-01-09 21:00:00,13.2,,14.0,,,,1,28,82,109,759,0
214,2024-01-09 22:00:00,15.5,,22.0,,,,1,28,79,129,759,0
215,2024-01-09 23:00:00,11.0,,16.0,,,,2,28,78,128,759,0
216,2024-01-10 00:00:00,20.3,,3.0,,,,1,28,79,122,758,0
217,2024-01-10 01:00:00,13.7,,12.0,,,,1,27,79,123,758,0
218,2024-01-10 02:00:00,15.7,,1.0,,,,1,27,80,116,757,0
219,2024-01-10 03:00:00,12.4,,0.0,,,,1,27,84,109,757,0
220,2024-01-10 04:00:00,13.9,,0.0,,,,1,26,87,107,757,0
221,2024-01-10 05:00:00,13.7,,0.0,,,,1,26,89,107,757,0
222,2024-01-10 06:00:00,16.8,,5.0,,,,1,26,90,106,758,0
223,2024-01-10 07:00:00,21.0,,2.0,,,,1,27,84,114,758,0
224,2024-01-10 08:00:00,19.0,,0.0,,,,1,28,78,123,759,0
225,2024-01-10 09:00:00,13.9,,0.0,,,,1,29,71,131,759,0
226,2024-01-10 10:00:00,16.6,,0.0,,,,1,31,63,162,759,0
227,2024-01-10 11:00:00,10.5,,2.0,,,,1,31,60,143,759,0
228,2024-01-10 12:00:00,12.5,,11.0,,,,1,32,57,168,758,0
229,2024-01-10 13:00:00,10.8,,4.0,,,,1,32,54,171,757,0
230,2024-01-10 14:00:00,13.2,,10.0,,,,1,32,55,163,757,0
231,2024-01-10 15:00:00,10.9,,8.0,,,,1,32,57,170,756,0
232,2024-01-10 16:00:00,8.9,,6.0,,,,1,31,61,163,756,0
233,2024-01-10 17:00:00,9.1,,9.0,,,,1,29,68,188,757,0
234,2024-01-10 18:00:00,15.8,,6.0,,,,1,28,73,190,757,0
235,2024-01-10 19:00:00,16.7,,,,,,1,28,75,190,758,0
236,2024-01-10 20:00:00,16.0,,6.0,,,,1,28,76,163,758,0
237,2024-01-10 21:00:00,12.4,,0.0,,,,1,28,76,129,759,0
238,2024-01-10 22:00:00,17.5,,0.0,,,,1,28,77,134,758,0
239,2024-01-10 23:00:00,15.6,,2.0,,,,1,28,78,119,758,0
240,2024-01-11 00:00:00,16.0,,2.0,,,,1,27,79,118,758,0
241,2024-01-11 01:00:00,12.2,,0.0,,,,1,27,80,110,758,0
242,2024-01-11 02:00:00,13.7,,5.0,,,,1,27,81,105,758,0
243,2024-01-11 03:00:00,11.1,,0.0,,,,1,27,83,102,757,0
244,2024-01-11 04:00:00,13.2,,0.0,,,,1,26,86,99,757,0
245,2024-01-11 05:00:00,15.9,,3.0,,,,1,26,87,102,758,0
246,2024-01-11 06:00:00,18.1,,5.0,,,,0,26,86,104,758,0
247,2024-01-11 07:00:00,16.7,,2.0,,,,1,27,85,107,759,0
248,2024-01-11 08:00:00,25.5,,2.0,,,,1,29,73,114,759,0
249,2024-01-11 09:00:00,16.8,,0.0,,,,1,30,62,146,760,0
250,2024-01-11 10:00:00,13.8,,0.0,,,,1,31,58,141,760,0
251,2024-01-11 11:00:00,11.9,,7.0,,,,1,32,56,150,759,0
252,2024-01-11 12:00:00,17.0,,2.0,,,,1,32,54,143,759,0
253,2024-01-11 13:00:00,17.0,,2.0,,,,1,32,53,138,758,0
254,2024-01-11 14:00:00,13.2,,14.0,,,,1,32,54,166,757,0
255,2024-01-11 15:00:00,11.1,,2.0,,,,1,31,59,204,757,0
256,2024-01-11 16:00:00,9.7,,1.0,,,,1,30,63,199,757,0
257,2024-01-11 17:00:00,14.8,,20.0,,,,1,29,69,139,757,0
258,2024-01-11 18:00:00,20.0,,9.0,,,,1,28,72,145,758,0
259,2024-01-11 19:00:00,18.3,,7.0,,,,1,28,74,171,758,0
260,2024-01-11 20:00:00,16.7,,,,,,1,28,74,137,759,0
261,2024-01-11 21:00:00,13.6,,0.0,,,,1,28,74,134,759,0
262,2024-01-11 22:00:00,14.9,,0.0,,,,1,28,75,131,759,0
263,2024-01-11 23:00:00,13.1,,12.0,,,,1,27,78,101,759,0
264,2024-01-12 00:00:00,13.5,,2.0,,,,0,27,79,106,759,0
265,2024-01-12 01:00:00,20.2,,11.0,,,,1,27,79,97,758,0
266,2024-01-12 02:00:00,14.7,,9.0,,,,0,26,83,106,758,0
267,2024-01-12 03:00:00,13.0,,6.0,,,,0,26,86,110,758,0
268,2024-01-12 04:00:00,13.7,,3.0,,,,0,25,87,106,758,0
269,2024-01-12 05:00:00,16.9,,0.0,,,,0,25,89,106,758,0
270,2024-01-12 06:00:00,27.1,,0.0,,,,0,25,90,109,758,0
271,2024-01-12 07:00:00,30.5,,1.0,,,,0,25,88,109,759,0
272,2024-01-12 08:00:00,22.6,,1.0,,,,1,28,75,122,759,0
273,2024-01-12 09:00:00,18.3,,2.0,,,,1,29,65,160,759,0
274,2024-01-12 10:00:00,12.5,,3.0,,,,0,31,57,138,759,0
275,2024-01-12 11:00:00,13.9,,5.0,,,,1,31,57,141,759,0
276,2024-01-12 12:00:00,14.5,,13.0,,,,1,32,54,174,758,0
277,2024-01-12 13:00:00,15.7,,8.0,,,,0,32,51,137,758,0
278,2024-01-12 14:00:00,18.4,,27.0,,,,1,32,51,143,757,0
279,2024-01-12 15:00:00,16.5,,29.0,,,,1,31,55,165,757,0
280,2024-01-12 16:00:00,18.9,,28.0,,,,1,30,61,141,757,0
281,2024-01-12 17:00:00,15.8,,28.0,,,,1,29,66,141,757,0
282,2024-01-12 18:00:00,22.6,,13.0,,,,1,28,70,142,758,0
283,2024-01-12 19:00:00,26.8,,3.0,,,,1,28,73,145,758,0
284,2024-01-12 20:00:00,23.4,,3.0,,,,1,28,74,119,759,0
285,2024-01-12 21:00:00,23.8,,,,,,1,27,74,115,759,0
286,2024-01-12 22:00:00,22.1,,0.0,,,,1,27,75,103,759,0
287,2024-01-12 23:00:00,24.5,,24.0,,,,1,27,76,96,759,0
288,2024-01-13 00:00:00,21.0,,3.0,,,,0,27,77,101,759,0
289,2024-01-13 01:00:00,19.9,,11.0,,,,1,26,78,98,758,0
290,2024-01-13 02:00:00,20.1,,6.0,,,,1,26,80,96,758,0
291,2024-01-13 03:00:00,17.0,,1.0,,,,1,26,80,99,757,0
292,2024-01-13 04:00:00,19.3,,3.0,,,,1,26,79,96,757,0
293,2024-01-13 05:00:00,15.8,,18.0,,,,1,26,80,96,757,0
294,2024-01-13 06:00:00,16.9,,7.0,,,,1,26,78,98,758,0
295,2024-01-13 07:00:00,16.9,,13.0,,,,1,26,77,95,758,0
296,2024-01-13 08:00:00,21.5,,14.0,,,,1,28,68,116,759,0
297,2024-01-13 09:00:00,15.5,,33.0,,,,1,29,63,115,759,0
298,2024-01-13 10:00:00,19.2,,39.0,,,,1,30,56,112,759,0
299,2024-01-13 11:00:00,25.4,,40.0,,,,1,31,50,144,759,0
300,2024-01-13 12:00:00,23.4,,0.0,,,,0,32,47,170,759,0
301,2024-01-13 13:00:00,21.9,,31.0,,,,0,32,48,168,758,0
302,2024-01-13 14:00:00,15.9,,6.0,,,,1,32,50,156,757,0
303,2024-01-13 15:00:00,17.7,,1.0,,,,1,31,55,146,757,0
304,2024-01-13 16:00:00,22.6,,1.0,,,,1,31,54,142,757,0
305,2024-01-13 17:00:00,22.1,,1.0,,,,1,30,60,144,758,0
306,2024-01-13 18:00:00,21.2,,9.0,,,,1,28,67,121,758,0
307,2024-01-13 19:00:00,24.7,,3.0,,,,1,28,71,115,758,0
308,2024-01-13 20:00:00,24.3,,1.0,,,,1,27,74,113,759,0
309,2024-01-13 21:00:00,24.8,,1.0,,,,1,27,75,109,759,0
310,2024-01-13 22:00:00,27.4,,,,,,1,27,75,111,759,0
311,2024-01-13 23:00:00,23.7,,4.0,,,,1,26,78,108,759,0
312,2024-01-14 00:00:00,28.3,,9.0,,,,1,26,79,109,759,0
313,2024-01-14 01:00:00,23.5,,,,,,1,26,82,107,759,0
314,2024-01-14 02:00:00,22.1,,140.0,,,,0,25,85,107,758,0
315,2024-01-14 03:00:00,22.7,,94.0,,,,0,25,85,110,758,0
316,2024-01-14 04:00:00,28.4,,1.0,,,,0,25,86,106,758,0
317,2024-01-14 05:00:00,31.4,,1.0,,,,0,25,85,106,758,0
318,2024-01-14 06:00:00,21.4,,0.0,,,,0,25,86,105,758,0
319,2024-01-14 07:00:00,29.5,,10.0,,,,1,26,78,112,759,0
320,2024-01-14 08:00:00,19.5,,1.0,,,,1,28,70,129,760,0
321,2024-01-14 09:00:00,22.3,,1.0,,,,1,29,65,114,760,0
322,2024-01-14 10:00:00,21.2,,6.0,,,,1,30,60,129,760,0
323,2024-01-14 11:00:00,25.6,,0.0,,,,1,31,52,140,760,0
324,2024-01-14 12:00:00,27.9,,19.0,,,,1,32,48,158,759,0
325,2024-01-14 13:00:00,24.6,,18.0,,,,1,31,52,167,758,0
326,2024-01-14 14:00:00,20.1,,43.0,,,,1,31,52,191,758,0
327,2024-01-14 15:00:00,,,37.0,,,,1,31,51,158,758,0
328,2024-01-14 16:00:00,,,30.0,,,,1,30,56,183,758,0
329,2024-01-14 17:00:00,19.2,,1.0,,,,1,29,60,153,758,0
330,2024-01-14 18:00:00,20.1,,2.0,,,,1,28,63,135,758,0
331,2024-01-14 19:00:00,22.7,,0.0,,,,1,27,68,114,758,0
332,2024-01-14 20:00:00,31.5,,1.0,,,,1,27,69,118,759,0
333,2024-01-14 21:00:00,22.8,,1.0,,,,1,27,70,117,759,0
334,2024-01-14 22:00:00,19.7,,2.0,,,,1,27,71,116,759,0
335,2024-01-14 23:00:00,13.9,,,,,,1,27,71,117,759,0
336,2024-01-15 00:00:00,13.7,,11.0,,,,2,27,74,119,759,0
337,2024-01-15 01:00:00,15.9,,25.0,,,,1,27,75,113,758,0
338,2024-01-15 02:00:00,14.1,,22.0,,,,1,26,78,106,758,0
339,2024-01-15 03:00:00,12.7,,25.0,,,,1,26,79,116,758,0
340,2024-01-15 04:00:00,13.7,,25.0,,,,1,27,75,117,758,0
341,2024-01-15 05:00:00,24.9,,2.0,,,,1,27,76,117,758,0
342,2024-01-15 06:00:00,21.3,,5.0,,,,1,27,78,109,758,0
343,2024-01-15 07:00:00,18.8,,3.0,,,,1,27,75,118,759,0
344,2024-01-15 08:00:00,18.2,,3.0,,,,1,28,70,114,759,0
345,2024-01-15 09:00:00,13.6,,13.0,,,,1,30,62,142,760,0
346,2024-01-15 10:00:00,15.7,,9.0,,,,1,30,59,207,759,0
347,2024-01-15 11:00:00,19.3,,4.0,,,,1,31,55,219,759,0
348,2024-01-15 12:00:00,18.5,,2.0,,,,0,32,54,197,759,0
349,2024-01-15 13:00:00,14.9,,2.0,,,,1,32,49,166,758,0
350,2024-01-15 14:00:00,12.1,,6.0,,,,1,32,51,172,757,0
351,2024-01-15 15:00:00,16.8,,22.0,,,,1,32,50,154,757,0
352,2024-01-15 16:00:00,16.2,,5.0,,,,1,31,54,189,757,0
353,2024-01-15 17:00:00,15.5,,1.0,,,,1,30,60,143,757,0
354,2024-01-15 18:00:00,16.2,,1.0,,,,1,28,68,138,757,0
355,2024-01-15 19:00:00,11.7,,10.0,,,,1,28,72,130,758,0
356,2024-01-15 20:00:00,17.7,,1.0,,,,1,28,73,133,758,0
357,2024-01-15 21:00:00,15.1,,10.0,,,,1,28,73,134,759,0
358,2024-01-15 22:00:00,20.2,,36.0,,,,1,28,73,142,759,0
359,2024-01-15 23:00:00,18.3,,16.0,,,,1,28,73,123,759,0
360,2024-01-16 00:00:00,20.1,,,,,,1,27,77,109,759,0
361,2024-01-16 01:00:00,19.8,,25.0,,,,1,26,82,106,758,0
362,2024-01-16 02:00:00,17.2,,29.0,,,,1,26,85,107,758,0
363,2024-01-16 03:00:00,16.1,,26.0,,,,1,26,88,105,757,0
364,2024-01-16 04:00:00,19.9,,18.0,,,,1,26,89,104,757,0
365,2024-01-16 05:00:00,22.5,,5.0,,,,1,26,90,104,758,0
366,2024-01-16 06:00:00,24.7,,22.0,,,,1,26,87,103,758,0
367,2024-01-16 07:00:00,19.8,,1.0,,,,1,26,89,107,758,0
368,2024-01-16 08:00:00,24.9,,0.0,,,,1,28,74,140,759,0
369,2024-01-16 09:00:00,14.0,,1.0,,,,1,30,68,169,759,0
370,2024-01-16 10:00:00,27.3,,3.0,,,,1,30,62,208,759,0
371,2024-01-16 11:00:00,19.9,,1.0,,,,1,31,60,216,759,0
372,2024-01-16 12:00:00,15.4,,7.0,,,,1,32,58,218,758,0
373,2024-01-16 13:00:00,12.4,,26.0,,,,1,32,55,178,757,0
374,2024-01-16 14:00:00,10.2,,27.0,,,,1,31,57,148,757,0
375,2024-01-16 15:00:00,9.1,,29.0,,,,1,31,61,199,757,0
376,2024-01-16 16:00:00,11.2,,30.0,,,,1,30,63,172,757,0
377,2024-01-16 17:00:00,17.3,,0.0,,,,1,29,67,152,757,0
378,2024-01-16 18:00:00,17.9,,3.0,,,,1,29,71,132,757,0
379,2024-01-16 19:00:00,19.4,,4.0,,,,1,28,73,137,758,0
380,2024-01-16 20:00:00,23.9,,1.0,,,,1,28,74,121,758,0
381,2024-01-16 21:00:00,26.9,,20.0,,,,1,28,75,123,759,0
382,2024-01-16 22:00:00,23.9,,13.0,,,,1,28,79,130,759,0
383,2024-01-16 23:00:00,23.3,,24.0,,,,1,27,79,127,759,0
384,2024-01-17 00:00:00,25.9,,20.0,,,,1,28,76,162,758,0
385,2024-01-17 01:00:00,23.6,,,,,,1,27,73,146,758,0
386,2024-01-17 02:00:00,13.7,,30.0,,,,1,27,73,134,757,0
387,2024-01-17 03:00:00,10.7,,28.0,,,,1,27,73,145,757,0
388,2024-01-17 04:00:00,12.8,,27.0,,,,1,27,72,129,757,0
389,2024-01-17 05:00:00,19.0,,7.0,,,,1,27,74,108,757,0
390,2024-01-17 06:00:00,15.6,,15.0,,,,1,27,79,132,758,0
391,2024-01-17 07:00:00,12.6,,0.0,,,,1,27,75,164,758,0
392,2024-01-17 08:00:00,13.9,,0.0,,,,1,28,70,176,759,0
393,2024-01-17 09:00:00,16.4,,1.0,,,,1,29,69,167,759,0
394,2024-01-17 10:00:00,16.0,,3.0,,,,1,30,61,177,759,0
395,2024-01-17 11:00:00,17.9,,15.0,,,,1,31,58,190,759,0
396,2024-01-17 12:00:00,17.7,,1.0,,,,1,31,57,187,758,0
397,2024-01-17 13:00:00,11.0,,28.0,,,,1,32,54,182,758,0
398,2024-01-17 14:00:00,13.7,,23.0,,,,1,32,53,192,757,0
399,2024-01-17 15:00:00,15.5,,6.0,,,,0,31,56,223,757,0
400,2024-01-17 16:00:00,19.3,,14.0,,,,1,30,58,181,757,0
401,2024-01-17 17:00:00,18.5,,11.0,,,,1,29,62,158,757,0
402,2024-01-17 18:00:00,18.7,,3.0,,,,1,28,69,158,757,0
403,2024-01-17 19:00:00,20.3,,2.0,,,,1,28,72,159,758,0
404,2024-01-17 20:00:00,14.2,,1.0,,,,1,28,73,143,759,0
405,2024-01-17 21:00:00,14.7,,3.0,,,,1,28,70,182,759,0
406,2024-01-17 22:00:00,16.6,,9.0,,,,1,28,70,183,759,0
407,2024-01-17 23:00:00,15.4,,15.0,,,,1,27,71,145,759,0
408,2024-01-18 00:00:00,13.9,,11.0,,,,1,27,72,126,759,0
409,2024-01-18 01:00:00,11.6,,29.0,,,,1,27,73,117,759,0
410,2024-01-18 02:00:00,9.9,,,,,,1,27,75,119,758,0
411,2024-01-18 03:00:00,10.7,,28.0,,,,1,27,75,129,758,0
412,2024-01-18 04:00:00,14.4,,8.0,,,,1,27,75,137,758,0
413,2024-01-18 05:00:00,22.5,,18.0,,,,1,27,76,141,758,0
414,2024-01-18 06:00:00,16.2,,9.0,,,,1,27,77,156,758,0
415,2024-01-18 07:00:00,12.9,,0.0,,,,1,27,74,197,759,0
416,2024-01-18 08:00:00,17.3,,,,,,0,0,0,0,0,0
417,2024-01-18 09:00:00,16.7,,,,,,0,0,0,0,0,0
418,2024-01-18 10:00:00,14.3,,,,,,0,0,0,0,0,0
419,2024-01-18 11:00:00,13.7,,,,,,0,0,0,0,0,0
420,2024-01-18 12:00:00,13.7,,,,,,0,0,0,0,0,0
421,2024-01-18 13:00:00,13.6,,,,,,0,0,0,0,0,0
422,2024-01-18 14:00:00,15.9,,,,,,0,0,0,0,0,0
423,2024-01-18 15:00:00,15.7,,,,,,0,0,0,0,0,0
424,2024-01-18 16:00:00,17.4,,,,,,0,0,0,0,0,0
425,2024-01-18 17:00:00,20.5,,,,,,0,0,0,0,0,0
426,2024-01-18 18:00:00,16.4,,,,,,0,0,0,0,0,0
427,2024-01-18 19:00:00,18.4,,,,,,0,0,0,0,0,0
428,2024-01-18 20:00:00,18.2,,,,,,0,0,0,0,0,0
429,2024-01-18 21:00:00,18.2,,,,,,0,0,0,0,0,0
430,2024-01-18 22:00:00,18.4,,,,,,0,0,0,0,0,0
431,2024-01-18 23:00:00,9.6,,,,,,0,0,0,0,0,0
432,2024-01-19 00:00:00,15.5,,,,,,0,0,0,0,0,0
433,2024-01-19 01:00:00,15.5,,,,,,0,0,0,0,0,0
434,2024-01-19 02:00:00,11.2,,,,,,0,0,0,0,0,0
435,2024-01-19 03:00:00,13.8,,,,,,0,0,0,0,0,0
436,2024-01-19 04:00:00,17.6,,,,,,0,0,0,0,0,0
437,2024-01-19 05:00:00,25.0,,,,,,0,0,0,0,0,0
438,2024-01-19 06:00:00,25.0,,,,,,0,0,0,0,0,0
439,2024-01-19 07:00:00,18.2,,,,,,0,0,0,0,0,0
440,2024-01-19 08:00:00,17.3,,,,,,0,0,0,0,0,0
441,2024-01-19 09:00:00,17.5,,,,,,0,0,0,0,0,0
442,2024-01-19 10:00:00,21.7,,,,,,0,0,0,0,0,0
443,2024-01-19 11:00:00,17.6,,,,,,0,0,0,0,0,0
444,2024-01-19 12:00:00,14.3,,7.0,,,,1,31,56,182,759,0
445,2024-01-19 13:00:00,13.6,,32.0,,,,1,32,55,176,758,0
446,2024-01-19 14:00:00,10.2,,16.0,,,,1,32,52,161,757,0
447,2024-01-19 15:00:00,17.7,,4.0,,,,1,32,54,172,756,0
448,2024-01-19 16:00:00,16.5,,6.0,,,,1,30,60,209,757,0
449,2024-01-19 17:00:00,15.7,,,,,,0,0,0,0,0,0
450,2024-01-19 18:00:00,20.5,,,,,,0,0,0,0,0,0
451,2024-01-19 19:00:00,18.7,,,,,,0,0,0,0,0,0
452,2024-01-19 20:00:00,19.2,,,,,,0,0,0,0,0,0
453,2024-01-19 21:00:00,20.1,,,,,,0,0,0,0,0,0
454,2024-01-19 22:00:00,20.9,,,,,,0,0,0,0,0,0
455,2024-01-19 23:00:00,17.3,,,,,,0,0,0,0,0,0
456,2024-01-20 00:00:00,18.9,,,,,,0,0,0,0,0,0
457,2024-01-20 01:00:00,11.8,,,,,,0,0,0,0,0,0
458,2024-01-20 02:00:00,11.6,,,,,,0,0,0,0,0,0
459,2024-01-20 03:00:00,12.9,,,,,,0,0,0,0,0,0
460,2024-01-20 04:00:00,26.9,,,,,,0,0,0,0,0,0
461,2024-01-20 05:00:00,29.1,,,,,,0,0,0,0,0,0
462,2024-01-20 06:00:00,28.0,,,,,,0,0,0,0,0,0
463,2024-01-20 07:00:00,31.5,,,,,,0,0,0,0,0,0
464,2024-01-20 08:00:00,34.4,,,,,,0,0,0,0,0,0
465,2024-01-20 09:00:00,22.9,,,,,,0,0,0,0,0,0
466,2024-01-20 10:00:00,21.7,,,,,,0,0,0,0,0,0
467,2024-01-20 11:00:00,17.1,,,,,,0,0,0,0,0,0
468,2024-01-20 12:00:00,16.3,,,,,,0,0,0,0,0,0
469,2024-01-20 13:00:00,13.6,,,,,,0,0,0,0,0,0
470,2024-01-20 14:00:00,15.7,,,,,,0,0,0,0,0,0
471,2024-01-20 15:00:00,22.4,,,,,,0,0,0,0,0,0
472,2024-01-20 16:00:00,20.0,,,,,,0,0,0,0,0,0
473,2024-01-20 17:00:00,22.7,,,,,,0,0,0,0,0,0
474,2024-01-20 18:00:00,25.4,,,,,,0,0,0,0,0,0
475,2024-01-20 19:00:00,23.8,,,,,,0,0,0,0,0,0
476,2024-01-20 20:00:00,28.3,,,,,,0,0,0,0,0,0
477,2024-01-20 21:00:00,33.9,,,,,,0,0,0,0,0,0
478,2024-01-20 22:00:00,25.8,,,,,,0,0,0,0,0,0
479,2024-01-20 23:00:00,25.7,,,,,,0,0,0,0,0,0
480,2024-01-21 00:00:00,24.1,,,,,,0,0,0,0,0,0
481,2024-01-21 01:00:00,19.8,,,,,,0,0,0,0,0,0
482,2024-01-21 02:00:00,20.2,,,,,,0,0,0,0,0,0
483,2024-01-21 03:00:00,26.8,,,,,,0,0,0,0,0,0
484,2024-01-21 04:00:00,31.7,,,,,,0,0,0,0,0,0
485,2024-01-21 05:00:00,36.8,,,,,,0,0,0,0,0,0
486,2024-01-21 06:00:00,35.1,,,,,,0,0,0,0,0,0
487,2024-01-21 07:00:00,34.3,,,,,,0,0,0,0,0,0
488,2024-01-21 08:00:00,38.4,,,,,,0,0,0,0,0,0
489,2024-01-21 09:00:00,33.2,,,,,,0,0,0,0,0,0
490,2024-01-21 10:00:00,,,,,,,0,0,0,0,0,0
491,2024-01-21 11:00:00,25.6,,,,,,0,0,0,0,0,0
492,2024-01-21 12:00:00,23.6,,,,,,0,0,0,0,0,0
493,2024-01-21 13:00:00,14.1,,,,,,0,0,0,0,0,0
494,2024-01-21 14:00:00,24.3,,,,,,0,0,0,0,0,0
495,2024-01-21 15:00:00,23.1,,,,,,0,0,0,0,0,0
496,2024-01-21 16:00:00,27.8,,,,,,0,0,0,0,0,0
497,2024-01-21 17:00:00,22.9,,,,,,0,0,0,0,0,0
498,2024-01-21 18:00:00,26.3,,,,,,0,0,0,0,0,0
499,2024-01-21 19:00:00,21.5,,,,,,0,0,0,0,0,0
500,2024-01-21 20:00:00,20.4,,,,,,0,0,0,0,0,0
501,2024-01-21 21:00:00,25.1,,,,,,0,0,0,0,0,0
502,2024-01-21 22:00:00,26.4,,,,,,0,0,0,0,0,0
503,2024-01-21 23:00:00,25.1,,,,,,0,0,0,0,0,0
504,2024-01-22 00:00:00,21.3,,,,,,0,0,0,0,0,0
505,2024-01-22 01:00:00,20.4,,,,,,0,0,0,0,0,0
506,2024-01-22 02:00:00,23.0,,,,,,0,0,0,0,0,0
507,2024-01-22 03:00:00,28.7,,,,,,0,0,0,0,0,0
508,2024-01-22 04:00:00,28.9,,,,,,0,0,0,0,0,0
509,2024-01-22 05:00:00,23.0,,,,,,0,0,0,0,0,0
510,2024-01-22 06:00:00,21.2,,,,,,0,0,0,0,0,0
511,2024-01-22 07:00:00,22.8,,7.0,,,,1,26,85,104,760,0
512,2024-01-22 08:00:00,22.0,,17.0,,,,1,28,77,98,760,0
513,2024-01-22 09:00:00,28.1,,26.0,,,,1,28,75,93,760,0
514,2024-01-22 10:00:00,22.5,,24.0,,,,1,29,73,115,760,2
515,2024-01-22 11:00:00,21.9,,16.0,,,,1,26,84,92,760,1
516,2024-01-22 12:00:00,13.5,,18.0,,,,1,28,75,92,760,0
517,2024-01-22 13:00:00,12.3,,23.0,,,,1,29,69,107,759,0
518,2024-01-22 14:00:00,10.8,,26.0,,,,1,30,65,128,758,0
519,2024-01-22 15:00:00,7.9,,24.0,,,,1,30,64,140,758,0
520,2024-01-22 16:00:00,8.1,,21.0,,,,1,29,67,132,758,0
521,2024-01-22 17:00:00,9.5,,20.0,,,,1,29,70,124,759,0
522,2024-01-22 18:00:00,11.3,,19.0,,,,1,28,71,119,759,0
523,2024-01-22 19:00:00,9.3,,16.0,,,,1,27,78,110,760,0
524,2024-01-22 20:00:00,8.1,,13.0,,,,1,27,81,110,760,0
525,2024-01-22 21:00:00,9.9,,9.0,,,,1,26,84,109,761,0
526,2024-01-22 22:00:00,12.3,,13.0,,,,2,26,86,115,761,0
527,2024-01-22 23:00:00,16.4,,17.0,,,,1,25,87,111,761,0
528,2024-01-23 00:00:00,9.8,,16.0,,,,1,25,92,109,760,0
529,2024-01-23 01:00:00,12.2,,3.0,,,,1,25,93,109,760,0
530,2024-01-23 02:00:00,13.2,,2.0,,,,1,25,93,105,759,0
531,2024-01-23 03:00:00,9.7,,2.0,,,,1,25,93,126,759,1
532,2024-01-23 04:00:00,12.0,,1.0,,,,1,24,90,120,760,3
533,2024-01-23 05:00:00,10.9,,5.0,,,,1,23,80,119,760,0
534,2024-01-23 06:00:00,11.4,,0.0,,,,0,23,84,106,760,0
535,2024-01-23 07:00:00,10.2,,,,,,1,25,81,95,760,0
536,2024-01-23 08:00:00,7.3,,11.0,,,,1,28,65,93,761,0
537,2024-01-23 09:00:00,7.2,,0.0,,,,1,29,61,125,761,0
538,2024-01-23 10:00:00,6.9,,2.0,,,,1,30,61,99,761,0
539,2024-01-23 11:00:00,9.5,,0.0,,,,1,30,59,126,760,0
540,2024-01-23 12:00:00,12.4,,1.0,,,,1,30,62,113,760,0
541,2024-01-23 13:00:00,14.4,,5.0,,,,1,30,63,111,759,0
542,2024-01-23 14:00:00,13.0,,3.0,,,,1,30,64,150,759,0
543,2024-01-23 15:00:00,16.4,,1.0,,,,1,30,61,133,758,0
544,2024-01-23 16:00:00,7.6,,0.0,,,,1,29,63,147,758,0
545,2024-01-23 17:00:00,14.8,,2.0,,,,1,29,69,123,759,0
546,2024-01-23 18:00:00,12.3,,0.0,,,,1,28,74,123,759,0
547,2024-01-23 19:00:00,14.2,,2.0,,,,1,28,77,108,759,0
548,2024-01-23 20:00:00,13.5,,2.0,,,,1,28,73,135,759,0
549,2024-01-23 21:00:00,17.6,,,,,,0,0,0,0,0,0
550,2024-01-23 22:00:00,16.1,,17.0,,,,1,27,77,119,760,0
551,2024-01-23 23:00:00,11.3,,2.0,,,,1,27,78,117,760,0
552,2024-01-24 00:00:00,12.7,,15.0,,,,1,27,79,95,760,0
553,2024-01-24 01:00:00,10.2,,0.0,,,,1,27,79,102,760,0
554,2024-01-24 02:00:00,13.9,,1.0,,,,1,27,80,101,759,0
555,2024-01-24 03:00:00,15.9,,1.0,,,,1,27,81,95,759,0
556,2024-01-24 04:00:00,13.6,,0.0,,,,1,27,81,106,759,0
557,2024-01-24 05:00:00,13.7,,0.0,,,,1,27,82,111,759,0
558,2024-01-24 06:00:00,14.4,,0.0,,,,1,27,82,115,759,0
559,2024-01-24 07:00:00,13.5,,11.0,,,,1,27,82,114,760,0
560,2024-01-24 08:00:00,15.4,,,,,,1,27,79,111,761,0
561,2024-01-24 09:00:00,14.3,,7.0,,,,1,28,76,109,761,0
562,2024-01-24 10:00:00,14.2,,10.0,,,,1,30,68,111,761,0
563,2024-01-24 11:00:00,13.6,,24.0,,,,1,30,64,150,761,0
564,2024-01-24 12:00:00,12.8,,23.0,,,,1,30,60,134,760,0
565,2024-01-24 13:00:00,18.3,,23.0,,,,1,30,63,151,760,1
566,2024-01-24 14:00:00,15.8,,0.0,,,,1,28,80,123,759,1
567,2024-01-24 15:00:00,15.5,,1.0,,,,1,29,73,128,759,0
568,2024-01-24 16:00:00,16.7,,9.0,,,,1,28,74,154,759,0
569,2024-01-24 17:00:00,15.5,,2.0,,,,1,27,79,119,759,0
570,2024-01-24 18:00:00,14.3,,1.0,,,,1,27,79,126,759,0
571,2024-01-24 19:00:00,14.7,,0.0,,,,1,27,80,126,760,0
572,2024-01-24 20:00:00,15.0,,3.0,,,,1,27,81,136,760,0
573,2024-01-24 21:00:00,15.7,,17.0,,,,1,27,83,127,761,0
574,2024-01-24 22:00:00,10.9,,24.0,,,,1,26,85,128,761,1
575,2024-01-24 23:00:00,8.4,,26.0,,,,1,26,87,130,761,1
576,2024-01-25 00:00:00,9.3,,27.0,,,,1,26,86,114,761,1
577,2024-01-25 01:00:00,11.2,,27.0,,,,1,26,84,120,761,0
578,2024-01-25 02:00:00,19.2,,15.0,,,,1,26,84,132,760,0
579,2024-01-25 03:00:00,13.0,,10.0,,,,1,26,85,115,760,0
580,2024-01-25 04:00:00,12.3,,,,,,1,26,85,165,759,0
581,2024-01-25 05:00:00,12.3,,0.0,,,,1,26,85,129,760,0
582,2024-01-25 06:00:00,13.5,,0.0,,,,1,26,86,163,760,1
583,2024-01-25 07:00:00,11.8,,20.0,,,,1,26,87,191,761,1
584,2024-01-25 08:00:00,7.5,,5.0,,,,1,25,89,173,761,5
585,2024-01-25 09:00:00,10.0,,,,,,1,26,90,189,762,5
586,2024-01-25 10:00:00,10.1,,12.0,,,,1,27,87,214,762,3
587,2024-01-25 11:00:00,9.4,,0.0,,,,1,28,80,171,762,0
588,2024-01-25 12:00:00,8.4,,1.0,,,,1,28,79,192,761,0
589,2024-01-25 13:00:00,16.2,,2.0,,,,1,28,80,155,761,1
590,2024-01-25 14:00:00,17.7,,4.0,,,,1,27,81,234,760,1
591,2024-01-25 15:00:00,20.6,,8.0,,,,1,28,75,220,759,0
592,2024-01-25 16:00:00,14.9,,17.0,,,,1,27,79,172,760,0
593,2024-01-25 17:00:00,12.4,,26.0,,,,1,27,78,169,760,0
594,2024-01-25 18:00:00,9.6,,31.0,,,,1,27,82,195,761,0
595,2024-01-25 19:00:00,8.9,,19.0,,,,0,27,79,168,761,0
596,2024-01-25 20:00:00,18.2,,29.0,,,,1,26,83,171,762,1
597,2024-01-25 21:00:00,17.2,,31.0,,,,1,26,82,183,762,1
598,2024-01-25 22:00:00,15.8,,34.0,,,,1,27,80,136,762,0
599,2024-01-25 23:00:00,14.0,,33.0,,,,1,27,76,197,762,0
600,2024-01-26 00:00:00,16.2,,26.0,,,,1,27,75,137,762,0
601,2024-01-26 01:00:00,14.0,,24.0,,,,1,27,75,156,762,0
602,2024-01-26 02:00:00,10.2,,34.0,,,,1,27,78,152,761,0
603,2024-01-26 03:00:00,12.5,,34.0,,,,1,26,86,136,761,4
604,2024-01-26 04:00:00,9.9,,21.0,,,,1,26,83,169,761,0
605,2024-01-26 05:00:00,7.7,,16.0,,,,0,26,80,150,761,0
606,2024-01-26 06:00:00,12.6,,11.0,,,,1,27,79,108,761,0
607,2024-01-26 07:00:00,13.5,,23.0,,,,1,27,78,101,761,0
608,2024-01-26 08:00:00,9.0,,30.0,,,,1,28,73,91,762,0
609,2024-01-26 09:00:00,15.8,,31.0,,,,0,29,70,188,762,0
610,2024-01-26 10:00:00,20.3,,,,,,1,30,67,225,762,0
611,2024-01-26 11:00:00,14.9,,29.0,,,,1,31,62,216,762,0
612,2024-01-26 12:00:00,15.5,,13.0,,,,1,31,61,232,762,0
613,2024-01-26 13:00:00,17.4,,25.0,,,,1,30,65,223,761,0
614,2024-01-26 14:00:00,17.7,,29.0,,,,1,30,66,206,760,0
615,2024-01-26 15:00:00,17.9,,25.0,,,,1,29,69,222,760,0
616,2024-01-26 16:00:00,20.1,,9.0,,,,2,28,77,234,760,0
617,2024-01-26 17:00:00,16.1,,30.0,,,,1,27,80,208,760,1
618,2024-01-26 18:00:00,15.7,,31.0,,,,1,27,79,180,761,0
619,2024-01-26 19:00:00,17.0,,30.0,,,,1,27,78,193,761,0
620,2024-01-26 20:00:00,22.6,,31.0,,,,1,27,77,191,762,0
621,2024-01-26 21:00:00,24.2,,32.0,,,,1,27,76,179,762,0
622,2024-01-26 22:00:00,23.3,,33.0,,,,1,27,77,172,762,0
623,2024-01-26 23:00:00,16.9,,36.0,,,,1,27,77,184,762,0
624,2024-01-27 00:00:00,22.9,,35.0,,,,1,27,77,157,762,0
625,2024-01-27 01:00:00,19.5,,33.0,,,,1,27,78,156,762,0
626,2024-01-27 02:00:00,14.9,,34.0,,,,1,27,77,127,761,0
627,2024-01-27 03:00:00,17.8,,34.0,,,,1,26,78,124,760,0
628,2024-01-27 04:00:00,15.1,,32.0,,,,1,26,79,111,760,0
629,2024-01-27 05:00:00,19.1,,28.0,,,,1,26,80,107,761,0
630,2024-01-27 06:00:00,20.3,,27.0,,,,1,26,80,113,761,0
631,2024-01-27 07:00:00,18.5,,31.0,,,,0,27,77,123,761,0
632,2024-01-27 08:00:00,14.4,,28.0,,,,1,28,68,150,762,0
633,2024-01-27 09:00:00,14.5,,26.0,,,,1,29,63,201,762,0
634,2024-01-27 10:00:00,18.8,,12.0,,,,0,29,65,190,762,0
635,2024-01-27 11:00:00,13.8,,,,,,1,31,56,233,762,0
636,2024-01-27 12:00:00,14.0,,31.0,,,,1,31,59,191,761,0
637,2024-01-27 13:00:00,18.4,,30.0,,,,0,31,58,159,761,0
638,2024-01-27 14:00:00,21.1,,30.0,,,,0,30,63,173,760,0
639,2024-01-27 15:00:00,20.2,,30.0,,,,1,30,65,176,760,0
640,2024-01-27 16:00:00,16.1,,30.0,,,,1,29,65,192,759,0
641,2024-01-27 17:00:00,14.3,,37.0,,,,1,28,72,207,760,2
642,2024-01-27 18:00:00,15.5,,36.0,,,,1,27,74,227,760,0
643,2024-01-27 19:00:00,12.1,,30.0,,,,1,27,75,201,761,0
644,2024-01-27 20:00:00,13.3,,30.0,,,,1,27,77,182,761,0
645,2024-01-27 21:00:00,16.7,,29.0,,,,1,27,76,173,762,0
646,2024-01-27 22:00:00,17.0,,31.0,,,,1,27,75,172,762,0
647,2024-01-27 23:00:00,13.1,,32.0,,,,1,27,76,122,762,0
648,2024-01-28 00:00:00,11.8,,31.0,,,,1,26,78,108,762,0
649,2024-01-28 01:00:00,14.4,,32.0,,,,1,26,78,110,761,0
650,2024-01-28 02:00:00,24.2,,33.0,,,,1,26,78,102,761,0
651,2024-01-28 03:00:00,21.0,,34.0,,,,1,26,78,111,760,0
652,2024-01-28 04:00:00,18.0,,35.0,,,,0,26,78,141,760,0
653,2024-01-28 05:00:00,13.6,,33.0,,,,1,26,78,134,761,0
654,2024-01-28 06:00:00,17.6,,31.0,,,,1,26,76,119,761,0
655,2024-01-28 07:00:00,12.2,,33.0,,,,1,26,74,104,761,0
656,2024-01-28 08:00:00,13.9,,32.0,,,,1,28,70,106,762,0
657,2024-01-28 09:00:00,22.1,,34.0,,,,0,29,66,192,762,0
658,2024-01-28 10:00:00,17.3,,35.0,,,,1,29,64,191,762,0
659,2024-01-28 11:00:00,13.8,,35.0,,,,0,30,60,232,762,0
660,2024-01-28 12:00:00,12.4,,,,,,1,31,57,199,761,0
661,2024-01-28 13:00:00,18.5,,33.0,,,,1,31,57,210,761,0
662,2024-01-28 14:00:00,14.6,,32.0,,,,1,31,58,210,760,0
663,2024-01-28 15:00:00,13.1,,31.0,,,,1,31,57,165,759,0
664,2024-01-28 16:00:00,18.8,,33.0,,,,1,30,60,198,759,0
665,2024-01-28 17:00:00,18.9,,33.0,,,,0,29,66,205,760,0
666,2024-01-28 18:00:00,20.8,,33.0,,,,1,28,70,219,760,0
667,2024-01-28 19:00:00,20.9,,32.0,,,,1,27,73,188,761,0
668,2024-01-28 20:00:00,21.6,,32.0,,,,1,27,74,155,761,0
669,2024-01-28 21:00:00,18.3,,33.0,,,,1,27,75,170,762,0
670,2024-01-28 22:00:00,21.6,,33.0,,,,1,27,74,145,762,0
671,2024-01-28 23:00:00,14.2,,33.0,,,,1,27,74,120,762,0
672,2024-01-29 00:00:00,10.8,,33.0,,,,1,27,75,114,761,0
673,2024-01-29 01:00:00,12.1,,31.0,,,,1,26,77,109,761,0
674,2024-01-29 02:00:00,21.6,,31.0,,,,1,26,77,106,760,0
675,2024-01-29 03:00:00,20.0,,32.0,,,,1,26,77,107,760,0
676,2024-01-29 04:00:00,19.7,,33.0,,,,1,26,77,119,760,0
677,2024-01-29 05:00:00,15.6,,33.0,,,,1,25,83,131,761,1
678,2024-01-29 06:00:00,16.2,,31.0,,,,1,25,87,113,761,1
679,2024-01-29 07:00:00,10.5,,30.0,,,,1,26,82,128,762,0
680,2024-01-29 08:00:00,15.8,,29.0,,,,1,27,77,116,762,0
681,2024-01-29 09:00:00,12.1,,33.0,,,,1,28,72,193,762,0
682,2024-01-29 10:00:00,14.7,,34.0,,,,1,30,65,218,762,0
683,2024-01-29 11:00:00,16.2,,33.0,,,,0,30,61,227,762,0
684,2024-01-29 12:00:00,16.9,,34.0,,,,1,31,59,202,761,0
685,2024-01-29 13:00:00,15.6,,,,,,0,31,56,205,760,0
686,2024-01-29 14:00:00,19.6,,7.0,,,,1,31,55,202,760,0
687,2024-01-29 15:00:00,21.4,,23.0,,,,1,31,57,194,759,0
688,2024-01-29 16:00:00,16.1,,2.0,,,,1,30,58,188,759,0
689,2024-01-29 17:00:00,25.1,,0.0,,,,1,29,61,142,759,0
690,2024-01-29 18:00:00,20.1,,3.0,,,,1,28,70,152,759,0
691,2024-01-29 19:00:00,18.0,,4.0,,,,1,27,73,202,760,0
692,2024-01-29 20:00:00,20.3,,11.0,,,,1,27,73,149,761,0
693,2024-01-29 21:00:00,23.5,,13.0,,,,1,27,73,134,761,0
694,2024-01-29 22:00:00,17.9,,15.0,,,,1,27,74,123,762,0
695,2024-01-29 23:00:00,10.5,,32.0,,,,1,27,79,127,762,1
696,2024-01-30 00:00:00,12.2,,33.0,,,,1,26,82,172,762,0
697,2024-01-30 01:00:00,11.8,,17.0,,,,1,26,80,175,761,0
698,2024-01-30 02:00:00,18.0,,1.0,,,,1,25,85,134,761,4
699,2024-01-30 03:00:00,9.6,,11.0,,,,1,25,82,167,760,0
700,2024-01-30 04:00:00,12.5,,8.0,,,,1,26,81,103,760,0
701,2024-01-30 05:00:00,12.5,,0.0,,,,1,26,82,108,761,0
702,2024-01-30 06:00:00,10.4,,1.0,,,,1,26,83,121,761,0
703,2024-01-30 07:00:00,18.7,,13.0,,,,1,26,81,125,761,0
704,2024-01-30 08:00:00,17.5,,0.0,,,,1,28,74,120,762,0
705,2024-01-30 09:00:00,17.2,,3.0,,,,1,29,67,167,762,0
706,2024-01-30 10:00:00,12.7,,20.0,,,,0,30,60,148,762,0
707,2024-01-30 11:00:00,14.9,,30.0,,,,0,31,56,193,761,0
708,2024-01-30 12:00:00,15.3,,31.0,,,,1,32,52,198,761,0
709,2024-01-30 13:00:00,18.9,,19.0,,,,1,32,52,166,760,0
710,2024-01-30 14:00:00,15.8,,,,,,1,32,50,188,759,0
711,2024-01-30 15:00:00,17.4,,14.0,,,,1,32,52,184,759,0
712,2024-01-30 16:00:00,16.3,,0.0,,,,1,31,55,139,759,0
713,2024-01-30 17:00:00,21.5,,1.0,,,,1,29,61,130,759,0
714,2024-01-30 18:00:00,16.4,,6.0,,,,1,28,67,131,760,0
715,2024-01-30 19:00:00,24.0,,2.0,,,,1,28,71,120,760,0
716,2024-01-30 20:00:00,21.0,,4.0,,,,1,27,72,120,761,0
717,2024-01-30 21:00:00,22.1,,14.0,,,,1,27,73,121,761,0
718,2024-01-30 22:00:00,14.7,,26.0,,,,1,27,75,117,762,0
719,2024-01-30 23:00:00,14.3,,28.0,,,,1,27,76,118,762,0
720,2024-01-31 00:00:00,18.0,,25.0,,,,0,26,78,113,761,0
721,2024-01-31 01:00:00,18.7,,6.0,,,,0,26,79,107,761,0
722,2024-01-31 02:00:00,23.7,,17.0,,,,1,26,78,108,760,0
723,2024-01-31 03:00:00,17.1,,1.0,,,,1,26,79,114,760,0
724,2024-01-31 04:00:00,14.8,,9.0,,,,1,26,82,112,760,0
725,2024-01-31 05:00:00,19.8,,0.0,,,,0,26,85,108,760,0
726,2024-01-31 06:00:00,15.8,,1.0,,,,0,25,88,107,761,0
727,2024-01-31 07:00:00,21.7,,2.0,,,,0,26,86,108,761,0
728,2024-01-31 08:00:00,21.2,,1.0,,,,1,28,75,110,761,0
729,2024-01-31 09:00:00,16.1,,1.0,,,,1,29,68,127,762,0
730,2024-01-31 10:00:00,15.0,,0.0,,,,1,30,59,164,762,0
731,2024-01-31 11:00:00,13.3,,2.0,,,,1,31,58,164,761,0
732,2024-01-31 12:00:00,14.0,,14.0,,,,1,31,55,189,761,0
733,2024-01-31 13:00:00,17.4,,0.0,,,,1,31,54,184,760,0
734,2024-01-31 14:00:00,16.3,,16.0,,,,1,31,54,161,759,0
735,2024-01-31 15:00:00,12.9,,,,,,1,31,54,180,759,0
736,2024-01-31 16:00:00,8.2,,26.0,,,,1,31,56,153,759,0
737,2024-01-31 17:00:00,12.6,,3.0,,,,1,29,65,153,759,0
738,2024-01-31 18:00:00,14.5,,18.0,,,,1,28,71,150,759,0
739,2024-01-31 19:00:00,14.7,,6.0,,,,1,28,75,117,760,0
740,2024-01-31 20:00:00,20.0,,14.0,,,,1,27,76,119,760,0
741,2024-01-31 21:00:00,18.7,,17.0,,,,1,27,77,118,761,0
742,2024-01-31 22:00:00,16.7,,0.0,,,,1,27,81,108,761,0
743,2024-01-31 23:00:00,24.3,,0.0,,,,1,26,81,111,761,0
744,2024-02-01 00:00:00,19.6,,1.0,,,,0,26,82,110,761,0
745,2024-02-01 01:00:00,19.2,,12.0,,,,0,26,85,108,761,0
746,2024-02-01 02:00:00,19.0,,9.0,,,,0,26,86,106,760,0
747,2024-02-01 03:00:00,17.8,,1.0,,,,0,25,88,111,760,0
748,2024-02-01 04:00:00,13.8,,0.0,,,,0,25,89,116,760,0
749,2024-02-01 05:00:00,19.7,,0.0,,,,0,25,89,114,760,0
750,2024-02-01 06:00:00,18.0,,0.0,,,,0,25,89,105,761,0
751,2024-02-01 07:00:00,23.9,,2.0,,,,0,26,85,105,761,0
752,2024-02-01 08:00:00,29.9,,1.0,,,,1,28,78,111,762,0
753,2024-02-01 09:00:00,23.5,,2.0,,,,1,29,70,121,762,0
754,2024-02-01 10:00:00,19.5,,1.0,,,,1,30,61,142,762,0
755,2024-02-01 11:00:00,17.8,,1.0,,,,1,31,57,171,762,0
756,2024-02-01 12:00:00,18.9,,1.0,,,,1,32,53,160,761,0
757,2024-02-01 13:00:00,17.5,,9.0,,,,1,32,52,171,760,0
758,2024-02-01 14:00:00,17.9,,16.0,,,,1,32,51,164,760,0
759,2024-02-01 15:00:00,16.7,,5.0,,,,1,31,52,167,760,0
760,2024-02-01 16:00:00,13.1,,,,,,1,31,54,166,759,0
761,2024-02-01 17:00:00,17.8,,20.0,,,,1,29,62,135,759,0
762,2024-02-01 18:00:00,13.0,,18.0,,,,1,28,68,126,759,0
763,2024-02-01 19:00:00,22.5,,0.0,,,,1,28,73,117,760,0
764,2024-02-01 20:00:00,21.9,,1.0,,,,1,27,75,113,761,0
765,2024-02-01 21:00:00,22.3,,10.0,,,,1,27,77,111,761,0
766,2024-02-01 22:00:00,20.7,,1.0,,,,1,27,80,113,761,0
767,2024-02-01 23:00:00,25.6,,0.0,,,,1,26,83,109,761,0
768,2024-02-02 00:00:00,30.9,,0.0,,,,0,26,84,109,760,0
769,2024-02-02 01:00:00,25.9,,1.0,,,,0,26,86,108,760,0
770,2024-02-02 02:00:00,27.4,,4.0,,,,0,25,86,107,760,0
771,2024-02-02 03:00:00,18.4,,0.0,,,,0,25,89,105,759,0
772,2024-02-02 04:00:00,25.1,,0.0,,,,0,25,89,105,759,0
773,2024-02-02 05:00:00,29.3,,0.0,,,,0,24,91,103,760,0
774,2024-02-02 06:00:00,30.1,,0.0,,,,0,24,91,104,760,0
775,2024-02-02 07:00:00,29.6,,1.0,,,,0,25,90,105,760,0
776,2024-02-02 08:00:00,32.4,,5.0,,,,0,27,81,109,761,0
777,2024-02-02 09:00:00,31.8,,0.0,,,,1,29,68,113,761,0
778,2024-02-02 10:00:00,19.3,,0.0,,,,1,31,59,127,761,0
779,2024-02-02 11:00:00,15.8,,0.0,,,,1,32,54,169,761,0
780,2024-02-02 12:00:00,18.4,,1.0,,,,1,32,52,191,760,0
781,2024-02-02 13:00:00,16.5,,3.0,,,,1,32,52,172,759,0
782,2024-02-02 14:00:00,15.0,,5.0,,,,1,32,50,141,759,0
783,2024-02-02 15:00:00,13.6,,1.0,,,,1,32,52,168,758,0
784,2024-02-02 16:00:00,14.4,,2.0,,,,1,31,57,153,758,0
785,2024-02-02 17:00:00,10.7,,,,,,1,30,64,158,758,0
786,2024-02-02 18:00:00,11.9,,15.0,,,,1,29,70,116,759,0
787,2024-02-02 19:00:00,16.7,,13.0,,,,1,28,74,122,759,0
788,2024-02-02 20:00:00,16.7,,0.0,,,,1,27,77,116,760,0
789,2024-02-02 21:00:00,23.6,,7.0,,,,1,27,79,116,760,0
790,2024-02-02 22:00:00,17.3,,0.0,,,,1,27,80,110,760,0
791,2024-02-02 23:00:00,19.4,,1.0,,,,0,27,81,110,760,0
792,2024-02-03 00:00:00,17.2,,0.0,,,,0,26,82,109,760,0
793,2024-02-03 01:00:00,18.6,,1.0,,,,0,26,84,108,760,0
794,2024-02-03 02:00:00,22.2,,0.0,,,,0,26,85,107,760,0
795,2024-02-03 03:00:00,21.9,,9.0,,,,1,26,80,117,759,0
796,2024-02-03 04:00:00,17.3,,15.0,,,,1,26,79,116,759,0
797,2024-02-03 05:00:00,16.1,,15.0,,,,1,26,78,114,760,0
798,2024-02-03 06:00:00,14.6,,2.0,,,,0,25,87,107,760,0
799,2024-02-03 07:00:00,25.8,,1.0,,,,0,26,87,108,761,0
800,2024-02-03 08:00:00,33.8,,1.0,,,,1,28,74,111,761,0
801,2024-02-03 09:00:00,20.5,,1.0,,,,1,29,66,124,762,0
802,2024-02-03 10:00:00,12.5,,1.0,,,,1,30,61,134,762,0
803,2024-02-03 11:00:00,18.8,,0.0,,,,1,32,55,138,761,0
804,2024-02-03 12:00:00,12.9,,1.0,,,,1,32,52,164,760,0
805,2024-02-03 13:00:00,11.3,,2.0,,,,1,32,51,148,760,0
806,2024-02-03 14:00:00,12.0,,15.0,,,,1,33,50,149,759,0
807,2024-02-03 15:00:00,19.2,,3.0,,,,1,32,52,167,758,0
808,2024-02-03 16:00:00,14.1,,17.0,,,,1,31,57,186,758,0
809,2024-02-03 17:00:00,11.9,,0.0,,,,1,30,65,188,759,0
810,2024-02-03 18:00:00,13.1,,,,,,1,28,70,182,759,0
811,2024-02-03 19:00:00,20.9,,3.0,,,,1,28,72,140,760,0
812,2024-02-03 20:00:00,20.2,,1.0,,,,1,28,74,119,760,0
813,2024-02-03 21:00:00,16.8,,4.0,,,,1,27,76,112,761,0
814,2024-02-03 22:00:00,15.5,,1.0,,,,1,27,77,111,761,0
815,2024-02-03 23:00:00,10.5,,1.0,,,,0,27,78,107,761,0
816,2024-02-04 00:00:00,12.7,,0.0,,,,0,27,79,108,761,0
817,2024-02-04 01:00:00,13.0,,6.0,,,,0,27,80,106,760,0
818,2024-02-04 02:00:00,9.9,,11.0,,,,0,27,78,100,760,0
819,2024-02-04 03:00:00,13.2,,0.0,,,,0,26,81,96,760,0
820,2024-02-04 04:00:00,14.2,,13.0,,,,0,26,84,100,760,0
821,2024-02-04 05:00:00,15.7,,2.0,,,,0,25,89,107,760,0
822,2024-02-04 06:00:00,23.3,,2.0,,,,0,25,89,103,761,0
823,2024-02-04 07:00:00,24.0,,3.0,,,,0,25,87,107,761,0
824,2024-02-04 08:00:00,29.4,,12.0,,,,1,28,73,110,762,0
825,2024-02-04 09:00:00,19.3,,1.0,,,,1,30,63,95,762,0
826,2024-02-04 10:00:00,16.4,,1.0,,,,1,31,58,109,761,0
827,2024-02-04 11:00:00,17.4,,0.0,,,,1,33,54,121,761,0
828,2024-02-04 12:00:00,17.2,,0.0,,,,2,33,52,122,760,0
829,2024-02-04 13:00:00,15.4,,25.0,,,,2,33,54,137,759,0
830,2024-02-04 14:00:00,17.6,,1.0,,,,3,33,55,140,759,0
831,2024-02-04 15:00:00,20.5,,2.0,,,,3,32,55,145,758,0
832,2024-02-04 16:00:00,20.7,,24.0,,,,2,31,57,140,759,0
833,2024-02-04 17:00:00,25.7,,2.0,,,,2,30,63,138,759,0
834,2024-02-04 18:00:00,21.7,,28.0,,,,1,29,68,128,760,0
835,2024-02-04 19:00:00,22.7,,,,,,1,28,72,128,760,0
836,2024-02-04 20:00:00,26.5,,28.0,,,,1,28,75,112,761,0
837,2024-02-04 21:00:00,22.9,,0.0,,,,1,27,78,111,761,0
838,2024-02-04 22:00:00,29.1,,0.0,,,,0,27,78,107,761,0
839,2024-02-04 23:00:00,27.4,,0.0,,,,0,27,77,108,761,0
840,2024-02-05 00:00:00,22.2,,7.0,,,,0,27,79,106,761,0
841,2024-02-05 01:00:00,28.9,,1.0,,,,0,26,84,102,761,0
842,2024-02-05 02:00:00,36.0,,5.0,,,,0,26,85,99,760,0
843,2024-02-05 03:00:00,31.0,,9.0,,,,0,25,86,102,760,0
844,2024-02-05 04:00:00,27.9,,12.0,,,,0,25,88,100,760,0
845,2024-02-05 05:00:00,31.2,,14.0,,,,0,25,89,102,760,0
846,2024-02-05 06:00:00,30.2,,14.0,,,,0,25,89,101,760,0
847,2024-02-05 07:00:00,33.8,,0.0,,,,0,25,89,113,761,0
848,2024-02-05 08:00:00,39.3,,9.0,,,,1,27,81,106,762,0
849,2024-02-05 09:00:00,43.4,,0.0,,,,1,29,72,116,762,0
850,2024-02-05 10:00:00,26.9,,3.0,,,,1,30,62,124,762,0
851,2024-02-05 11:00:00,25.3,,0.0,,,,2,32,59,124,761,0
852,2024-02-05 12:00:00,26.8,,1.0,,,,2,33,53,130,760,0
853,2024-02-05 13:00:00,22.0,,2.0,,,,1,33,49,139,760,0
854,2024-02-05 14:00:00,21.4,,26.0,,,,1,33,47,159,759,0
855,2024-02-05 15:00:00,24.6,,26.0,,,,1,33,49,147,759,0
856,2024-02-05 16:00:00,22.5,,9.0,,,,1,32,53,134,759,0
857,2024-02-05 17:00:00,25.3,,33.0,,,,1,31,58,149,759,0
858,2024-02-05 18:00:00,15.0,,25.0,,,,1,29,63,123,759,0
859,2024-02-05 19:00:00,19.5,,0.0,,,,1,28,71,113,760,0
860,2024-02-05 20:00:00,17.4,,,,,,1,28,74,109,761,0
861,2024-02-05 21:00:00,16.3,,6.0,,,,1,28,76,112,761,0
862,2024-02-05 22:00:00,16.0,,1.0,,,,0,27,78,111,761,0
863,2024-02-05 23:00:00,17.4,,1.0,,,,1,27,78,114,761,0
864,2024-02-06 00:00:00,,,8.0,,,,1,27,76,119,761,0
865,2024-02-06 01:00:00,,,0.0,,,,0,27,77,103,761,0
866,2024-02-06 02:00:00,19.8,,0.0,,,,0,26,83,101,760,0
867,2024-02-06 03:00:00,23.1,,0.0,,,,0,26,85,103,760,0
868,2024-02-06 04:00:00,20.7,,2.0,,,,0,25,87,104,760,0
869,2024-02-06 05:00:00,24.0,,0.0,,,,0,25,89,106,760,0
870,2024-02-06 06:00:00,23.4,,1.0,,,,0,25,89,106,761,0
871,2024-02-06 07:00:00,26.3,,0.0,,,,0,25,89,107,761,0
872,2024-02-06 08:00:00,31.0,,1.0,,,,1,26,85,111,762,0
873,2024-02-06 09:00:00,32.9,,10.0,,,,2,28,77,120,762,0
874,2024-02-06 10:00:00,26.2,,10.0,,,,2,30,68,126,762,0
875,2024-02-06 11:00:00,20.3,,4.0,,,,2,31,63,126,761,0
876,2024-02-06 12:00:00,19.5,,5.0,,,,2,32,55,131,761,0
877,2024-02-06 13:00:00,13.5,,18.0,,,,1,33,50,159,760,0
878,2024-02-06 14:00:00,12.9,,5.0,,,,1,33,50,173,759,0
879,2024-02-06 15:00:00,11.1,,12.0,,,,1,33,50,148,758,0
880,2024-02-06 16:00:00,,,5.0,,,,1,32,53,166,758,0
881,2024-02-06 17:00:00,,,4.0,,,,2,31,57,128,758,0
882,2024-02-06 18:00:00,12.5,,3.0,,,,1,30,63,125,759,0
883,2024-02-06 19:00:00,13.9,,0.0,,,,1,29,71,115,759,0
884,2024-02-06 20:00:00,20.0,,0.0,,,,1,28,75,113,760,0
885,2024-02-06 21:00:00,19.3,,,,,,1,28,77,111,760,0
886,2024-02-06 22:00:00,17.7,,8.0,,,,1,28,79,112,761,0
887,2024-02-06 23:00:00,18.8,,1.0,,,,0,28,80,107,761,0
888,2024-02-07 00:00:00,17.1,,2.0,,,,0,28,80,105,760,0
889,2024-02-07 01:00:00,13.3,,5.0,,,,1,27,83,105,760,0
890,2024-02-07 02:00:00,18.8,,2.0,,,,0,26,86,103,760,0
891,2024-02-07 03:00:00,22.5,,6.0,,,,0,26,85,94,759,0
892,2024-02-07 04:00:00,18.2,,2.0,,,,1,26,86,95,759,0
893,2024-02-07 05:00:00,27.0,,1.0,,,,0,26,88,101,759,0
894,2024-02-07 06:00:00,31.5,,0.0,,,,0,25,89,99,760,0
895,2024-02-07 07:00:00,24.8,,0.0,,,,0,26,85,100,760,0
896,2024-02-07 08:00:00,28.4,,0.0,,,,1,28,74,119,761,0
897,2024-02-07 09:00:00,22.3,,11.0,,,,1,30,65,122,761,0
898,2024-02-07 10:00:00,22.5,,0.0,,,,1,31,57,120,761,0
899,2024-02-07 11:00:00,20.3,,8.0,,,,2,33,49,136,760,0
900,2024-02-07 12:00:00,16.9,,11.0,,,,1,33,45,165,759,0
901,2024-02-07 13:00:00,16.7,,25.0,,,,1,33,45,160,759,0
902,2024-02-07 14:00:00,14.9,,25.0,,,,1,33,44,137,758,0
903,2024-02-07 15:00:00,20.5,,21.0,,,,1,33,46,153,758,0
904,2024-02-07 16:00:00,15.6,,0.0,,,,1,32,48,175,758,0
905,2024-02-07 17:00:00,18.5,,4.0,,,,2,30,58,134,758,0
906,2024-02-07 18:00:00,20.0,,7.0,,,,2,29,67,126,758,0
907,2024-02-07 19:00:00,23.1,,0.0,,,,1,29,71,115,758,0
908,2024-02-07 20:00:00,20.3,,1.0,,,,1,28,71,109,759,0
909,2024-02-07 21:00:00,21.1,,0.0,,,,1,28,72,111,760,0
910,2024-02-07 22:00:00,20.9,,,,,,1,27,75,111,760,0
911,2024-02-07 23:00:00,20.4,,12.0,,,,0,27,77,110,760,0
912,2024-02-08 00:00:00,20.8,,1.0,,,,0,27,79,105,759,0
913,2024-02-08 01:00:00,17.0,,8.0,,,,0,27,81,100,759,0
914,2024-02-08 02:00:00,16.2,,4.0,,,,1,26,82,95,758,0
915,2024-02-08 03:00:00,25.8,,4.0,,,,0,26,85,96,758,0
916,2024-02-08 04:00:00,27.2,,2.0,,,,0,26,85,94,758,0
917,2024-02-08 05:00:00,31.1,,0.0,,,,0,25,86,100,758,0
918,2024-02-08 06:00:00,29.7,,1.0,,,,0,25,87,100,759,0
919,2024-02-08 07:00:00,27.8,,0.0,,,,1,26,87,107,759,0
920,2024-02-08 08:00:00,37.5,,0.0,,,,1,28,75,102,760,0
921,2024-02-08 09:00:00,34.1,,1.0,,,,1,30,63,102,760,0
922,2024-02-08 10:00:00,22.6,,1.0,,,,1,32,55,118,760,0
923,2024-02-08 11:00:00,18.8,,10.0,,,,2,33,52,123,759,0
924,2024-02-08 12:00:00,15.3,,19.0,,,,1,34,44,141,759,0
925,2024-02-08 13:00:00,13.9,,20.0,,,,1,34,46,163,758,0
926,2024-02-08 14:00:00,11.4,,20.0,,,,1,33,46,152,757,0
927,2024-02-08 15:00:00,14.8,,4.0,,,,2,33,46,149,757,0
928,2024-02-08 16:00:00,15.2,,13.0,,,,2,32,52,137,757,0
929,2024-02-08 17:00:00,14.1,,3.0,,,,2,31,59,141,757,0
930,2024-02-08 18:00:00,18.2,,7.0,,,,1,29,67,137,758,0
931,2024-02-08 19:00:00,15.7,,0.0,,,,1,29,72,119,758,0
932,2024-02-08 20:00:00,16.4,,1.0,,,,1,28,74,114,759,0
933,2024-02-08 21:00:00,18.1,,0.0,,,,1,28,76,112,759,0
934,2024-02-08 22:00:00,18.9,,3.0,,,,1,28,77,109,760,0
935,2024-02-08 23:00:00,24.4,,,,,,1,28,77,107,760,0
936,2024-02-09 00:00:00,20.9,,10.0,,,,0,27,76,103,760,0
937,2024-02-09 01:00:00,13.3,,2.0,,,,0,27,81,101,759,0
938,2024-02-09 02:00:00,18.8,,3.0,,,,0,27,83,104,759,0
939,2024-02-09 03:00:00,18.1,,6.0,,,,0,27,83,101,758,0
940,2024-02-09 04:00:00,24.1,,1.0,,,,0,26,84,103,758,0
941,2024-02-09 05:00:00,28.6,,2.0,,,,0,26,87,105,759,0
942,2024-02-09 06:00:00,31.8,,0.0,,,,0,26,87,100,759,0
943,2024-02-09 07:00:00,27.5,,0.0,,,,0,26,83,103,760,0
944,2024-02-09 08:00:00,31.5,,1.0,,,,1,29,72,115,760,0
945,2024-02-09 09:00:00,20.7,,5.0,,,,1,30,67,123,761,0
946,2024-02-09 10:00:00,24.7,,6.0,,,,1,31,63,133,761,0
947,2024-02-09 11:00:00,28.8,,0.0,,,,1,32,56,136,761,0
948,2024-02-09 12:00:00,27.4,,3.0,,,,1,33,51,137,760,0
949,2024-02-09 13:00:00,28.6,,26.0,,,,1,33,50,170,759,0
950,2024-02-09 14:00:00,28.5,,17.0,,,,1,33,50,200,758,0
951,2024-02-09 15:00:00,28.4,,11.0,,,,1,33,49,166,758,0
952,2024-02-09 16:00:00,,,21.0,,,,1,32,53,154,758,0
953,2024-02-09 17:00:00,23.8,,4.0,,,,1,30,56,175,759,0
954,2024-02-09 18:00:00,18.1,,21.0,,,,1,29,64,131,759,0
955,2024-02-09 19:00:00,16.4,,19.0,,,,1,28,66,203,760,0
956,2024-02-09 20:00:00,19.2,,1.0,,,,1,28,67,172,760,0
957,2024-02-09 21:00:00,16.9,,1.0,,,,1,28,67,140,761,0
958,2024-02-09 22:00:00,18.3,,7.0,,,,1,28,69,119,762,0
959,2024-02-09 23:00:00,19.4,,0.0,,,,1,28,70,112,762,0
960,2024-02-10 00:00:00,16.2,,,,,,1,27,70,105,761,0
961,2024-02-10 01:00:00,16.2,,2.0,,,,1,27,71,101,761,0
962,2024-02-10 02:00:00,15.1,,11.0,,,,0,26,73,95,760,0
963,2024-02-10 03:00:00,18.2,,1.0,,,,0,26,76,98,760,0
964,2024-02-10 04:00:00,18.5,,3.0,,,,0,26,79,97,760,0
965,2024-02-10 05:00:00,22.3,,16.0,,,,1,26,76,105,760,0
966,2024-02-10 06:00:00,21.4,,5.0,,,,0,25,84,103,760,0
967,2024-02-10 07:00:00,22.2,,6.0,,,,1,26,80,107,761,0
968,2024-02-10 08:00:00,25.1,,1.0,,,,1,28,70,105,761,0
969,2024-02-10 09:00:00,21.4,,0.0,,,,1,29,65,125,762,0
970,2024-02-10 10:00:00,24.8,,11.0,,,,1,31,58,159,762,0
971,2024-02-10 11:00:00,17.7,,3.0,,,,1,32,55,184,762,0
972,2024-02-10 12:00:00,15.6,,0.0,,,,1,32,52,231,761,0
973,2024-02-10 13:00:00,17.3,,1.0,,,,1,33,51,216,760,0
974,2024-02-10 14:00:00,14.9,,5.0,,,,1,33,50,220,760,0
975,2024-02-10 15:00:00,15.9,,16.0,,,,1,33,51,195,759,0
976,2024-02-10 16:00:00,17.6,,9.0,,,,1,32,54,203,759,0
977,2024-02-10 17:00:00,20.9,,14.0,,,,1,31,57,168,760,0
978,2024-02-10 18:00:00,17.0,,25.0,,,,1,29,64,200,760,0
979,2024-02-10 19:00:00,18.1,,24.0,,,,1,29,65,159,761,0
980,2024-02-10 20:00:00,26.2,,0.0,,,,1,29,65,132,761,0
981,2024-02-10 21:00:00,25.1,,11.0,,,,1,28,65,136,762,0
982,2024-02-10 22:00:00,24.6,,2.0,,,,1,28,67,106,762,0
983,2024-02-10 23:00:00,25.0,,1.0,,,,1,28,69,96,762,0
984,2024-02-11 00:00:00,22.7,,0.0,,,,1,28,71,110,762,0
985,2024-02-11 01:00:00,24.4,,,,,,1,27,71,107,762,0
986,2024-02-11 02:00:00,22.5,,0.0,,,,1,28,68,121,761,0
987,2024-02-11 03:00:00,21.0,,2.0,,,,1,27,67,110,761,0
988,2024-02-11 04:00:00,18.9,,24.0,,,,1,27,72,92,761,0
989,2024-02-11 05:00:00,16.2,,35.0,,,,1,27,71,81,761,0
990,2024-02-11 06:00:00,15.4,,36.0,,,,1,27,71,85,761,0
991,2024-02-11 07:00:00,19.0,,23.0,,,,1,27,67,86,762,0
992,2024-02-11 08:00:00,22.2,,10.0,,,,1,28,64,121,762,0
993,2024-02-11 09:00:00,21.7,,4.0,,,,1,29,60,139,763,0
994,2024-02-11 10:00:00,25.1,,4.0,,,,0,30,56,222,763,0
995,2024-02-11 11:00:00,18.2,,2.0,,,,1,31,53,228,763,0
996,2024-02-11 12:00:00,18.2,,1.0,,,,2,32,48,239,762,0
997,2024-02-11 13:00:00,16.8,,11.0,,,,2,32,47,245,762,0
998,2024-02-11 14:00:00,17.7,,21.0,,,,2,32,46,238,761,0
999,2024-02-11 15:00:00,19.5,,10.0,,,,1,32,50,219,761,0
1000,2024-02-11 16:00:00,21.5,,34.0,,,,1,31,52,235,761,0
1001,2024-02-11 17:00:00,19.3,,34.0,,,,1,30,57,218,761,0
1002,2024-02-11 18:00:00,17.2,,34.0,,,,1,29,62,171,761,0
1003,2024-02-11 19:00:00,18.8,,25.0,,,,1,28,63,160,761,0
1004,2024-02-11 20:00:00,,,,,,,1,28,63,141,762,0
1005,2024-02-11 21:00:00,,,3.0,,,,1,28,63,146,762,0
1006,2024-02-11 22:00:00,20.2,,2.0,,,,1,28,64,128,762,0
1007,2024-02-11 23:00:00,24.0,,1.0,,,,1,28,67,110,762,0
1008,2024-02-12 00:00:00,20.7,,23.0,,,,1,27,68,112,762,0
1009,2024-02-12 01:00:00,22.2,,4.0,,,,1,27,70,92,761,0
1010,2024-02-12 02:00:00,22.6,,,,,,1,27,70,88,761,0
1011,2024-02-12 03:00:00,21.5,,41.0,,,,1,27,70,109,761,0
1012,2024-02-12 04:00:00,18.7,,41.0,,,,1,27,71,93,761,0
1013,2024-02-12 05:00:00,20.6,,41.0,,,,1,26,72,106,761,0
1014,2024-02-12 06:00:00,21.4,,28.0,,,,1,26,72,103,761,0
1015,2024-02-12 07:00:00,25.9,,4.0,,,,1,27,70,75,761,0
1016,2024-02-12 08:00:00,27.8,,2.0,,,,1,28,69,101,762,0
1017,2024-02-12 09:00:00,24.5,,9.0,,,,1,29,65,136,762,0
1018,2024-02-12 10:00:00,19.3,,2.0,,,,1,30,56,230,762,0
1019,2024-02-12 11:00:00,21.9,,1.0,,,,1,31,52,225,762,0
1020,2024-02-12 12:00:00,22.8,,16.0,,,,1,32,49,225,761,0
1021,2024-02-12 13:00:00,20.8,,1.0,,,,1,32,47,226,761,0
1022,2024-02-12 14:00:00,19.3,,1.0,,,,2,32,48,241,760,0
1023,2024-02-12 15:00:00,19.7,,8.0,,,,2,31,49,241,760,0
1024,2024-02-12 16:00:00,17.1,,15.0,,,,1,31,52,205,760,0
1025,2024-02-12 17:00:00,22.2,,0.0,,,,1,30,57,230,760,0
1026,2024-02-12 18:00:00,20.7,,30.0,,,,1,28,63,198,761,0
1027,2024-02-12 19:00:00,22.2,,4.0,,,,1,28,65,205,761,0
1028,2024-02-12 20:00:00,20.5,,14.0,,,,1,28,67,193,762,0
1029,2024-02-12 21:00:00,20.2,,3.0,,,,1,28,69,207,762,0
1030,2024-02-12 22:00:00,21.1,,4.0,,,,1,27,70,170,762,0
1031,2024-02-12 23:00:00,22.5,,6.0,,,,2,27,71,211,762,0
1032,2024-02-13 00:00:00,25.1,,16.0,,,,1,27,72,215,762,0
1033,2024-02-13 01:00:00,22.3,,1.0,,,,1,27,70,214,761,0
1034,2024-02-13 02:00:00,16.2,,16.0,,,,1,27,67,201,761,0
1035,2024-02-13 03:00:00,19.2,,,,,,1,27,68,123,760,0
1036,2024-02-13 04:00:00,16.5,,40.0,,,,1,27,73,104,760,0
1037,2024-02-13 05:00:00,17.3,,41.0,,,,1,27,73,115,760,0
1038,2024-02-13 06:00:00,20.0,,39.0,,,,1,26,75,115,760,0
1039,2024-02-13 07:00:00,25.8,,13.0,,,,1,27,75,124,761,0
1040,2024-02-13 08:00:00,22.2,,4.0,,,,1,28,70,105,761,0
1041,2024-02-13 09:00:00,22.3,,5.0,,,,1,29,66,140,761,0
1042,2024-02-13 10:00:00,18.0,,2.0,,,,1,30,60,148,761,0
1043,2024-02-13 11:00:00,21.1,,0.0,,,,1,31,53,176,761,0
1044,2024-02-13 12:00:00,21.2,,23.0,,,,1,32,51,209,761,0
1045,2024-02-13 13:00:00,20.2,,10.0,,,,1,32,52,204,760,0
1046,2024-02-13 14:00:00,19.0,,8.0,,,,1,32,52,196,759,0
1047,2024-02-13 15:00:00,15.3,,23.0,,,,1,31,56,172,759,0
1048,2024-02-13 16:00:00,18.0,,33.0,,,,1,30,58,210,759,0
1049,2024-02-13 17:00:00,19.5,,31.0,,,,1,29,60,175,759,0
1050,2024-02-13 18:00:00,20.6,,12.0,,,,1,29,65,158,759,0
1051,2024-02-13 19:00:00,25.6,,15.0,,,,1,28,69,141,760,0
1052,2024-02-13 20:00:00,19.2,,14.0,,,,1,28,70,131,760,0
1053,2024-02-13 21:00:00,18.3,,2.0,,,,1,28,68,133,761,0
1054,2024-02-13 22:00:00,17.2,,3.0,,,,1,28,70,134,761,0
1055,2024-02-13 23:00:00,15.8,,4.0,,,,1,28,71,125,761,0
1056,2024-02-14 00:00:00,18.7,,24.0,,,,1,28,71,125,760,0
1057,2024-02-14 01:00:00,21.5,,,,,,1,27,77,113,760,0
1058,2024-02-14 02:00:00,15.2,,139.0,,,,1,26,84,116,760,0
1059,2024-02-14 03:00:00,13.8,,107.0,,,,1,27,80,141,759,0
1060,2024-02-14 04:00:00,13.3,,,,,,1,26,83,123,759,1
1061,2024-02-14 05:00:00,12.3,,26.0,,,,1,26,79,179,759,0
1062,2024-02-14 06:00:00,15.2,,18.0,,,,1,26,82,132,760,0
1063,2024-02-14 07:00:00,20.8,,5.0,,,,1,26,85,137,760,1
1064,2024-02-14 08:00:00,16.3,,0.0,,,,1,27,85,131,760,0
1065,2024-02-14 09:00:00,19.2,,0.0,,,,1,28,77,137,761,0
1066,2024-02-14 10:00:00,18.3,,3.0,,,,1,30,66,219,761,0
1067,2024-02-14 11:00:00,19.1,,3.0,,,,1,30,68,207,760,0
1068,2024-02-14 12:00:00,17.8,,2.0,,,,1,32,59,228,759,0
1069,2024-02-14 13:00:00,18.2,,7.0,,,,1,32,59,212,759,0
1070,2024-02-14 14:00:00,17.8,,23.0,,,,1,32,59,189,758,0
1071,2024-02-14 15:00:00,23.9,,23.0,,,,1,31,61,173,758,0
1072,2024-02-14 16:00:00,15.6,,24.0,,,,1,30,63,216,758,0
1073,2024-02-14 17:00:00,17.6,,10.0,,,,1,30,66,194,758,0
1074,2024-02-14 18:00:00,19.6,,4.0,,,,1,29,71,204,758,0
1075,2024-02-14 19:00:00,26.3,,0.0,,,,1,28,73,191,759,0
1076,2024-02-14 20:00:00,23.1,,4.0,,,,1,28,74,187,759,0
1077,2024-02-14 21:00:00,21.3,,6.0,,,,1,28,75,158,760,0
1078,2024-02-14 22:00:00,20.9,,6.0,,,,1,28,74,134,760,0
1079,2024-02-14 23:00:00,15.4,,3.0,,,,1,28,74,104,760,0
1080,2024-02-15 00:00:00,15.9,,3.0,,,,1,27,77,121,760,0
1081,2024-02-15 01:00:00,19.9,,22.0,,,,1,27,78,135,759,0
1082,2024-02-15 02:00:00,18.3,,23.0,,,,1,27,78,157,759,0
1083,2024-02-15 03:00:00,10.6,,23.0,,,,1,27,79,145,759,0
1084,2024-02-15 04:00:00,13.3,,23.0,,,,1,27,80,143,759,0
1085,2024-02-15 05:00:00,12.1,,,,,,1,27,80,143,759,0
1086,2024-02-15 06:00:00,18.9,,22.0,,,,1,27,81,122,759,0
1087,2024-02-15 07:00:00,23.3,,3.0,,,,1,27,79,124,760,0
1088,2024-02-15 08:00:00,23.3,,4.0,,,,1,29,70,148,760,0
1089,2024-02-15 09:00:00,13.2,,2.0,,,,0,31,61,165,761,0
1090,2024-02-15 10:00:00,22.4,,2.0,,,,1,31,57,224,761,0
1091,2024-02-15 11:00:00,18.8,,4.0,,,,1,32,55,229,760,0
1092,2024-02-15 12:00:00,18.2,,20.0,,,,1,32,51,253,760,0
1093,2024-02-15 13:00:00,17.8,,3.0,,,,1,33,50,233,759,0
1094,2024-02-15 14:00:00,18.6,,8.0,,,,1,33,51,217,759,0
1095,2024-02-15 15:00:00,13.4,,2.0,,,,1,32,53,198,758,0
1096,2024-02-15 16:00:00,15.8,,5.0,,,,1,32,56,189,758,0
1097,2024-02-15 17:00:00,17.6,,3.0,,,,1,30,61,198,759,0
1098,2024-02-15 18:00:00,16.1,,2.0,,,,1,29,66,207,759,0
1099,2024-02-15 19:00:00,16.9,,9.0,,,,1,28,70,208,759,0
1100,2024-02-15 20:00:00,19.3,,2.0,,,,1,28,71,202,760,0
1101,2024-02-15 21:00:00,13.2,,2.0,,,,1,28,73,177,760,0
1102,2024-02-15 22:00:00,23.3,,0.0,,,,1,28,73,120,760,0
1103,2024-02-15 23:00:00,17.9,,3.0,,,,1,28,74,120,760,0
1104,2024-02-16 00:00:00,22.7,,8.0,,,,1,28,73,113,760,0
1105,2024-02-16 01:00:00,16.9,,6.0,,,,1,28,74,109,759,0
1106,2024-02-16 02:00:00,17.7,,0.0,,,,1,27,75,115,759,0
1107,2024-02-16 03:00:00,12.2,,22.0,,,,1,27,76,99,759,0
1108,2024-02-16 04:00:00,13.9,,22.0,,,,1,27,78,105,759,0
1109,2024-02-16 05:00:00,12.8,,16.0,,,,1,27,78,115,759,0
1110,2024-02-16 06:00:00,19.9,,,,,,1,27,79,99,759,0
1111,2024-02-16 07:00:00,19.9,,0.0,,,,1,27,76,106,760,0
1112,2024-02-16 08:00:00,20.4,,17.0,,,,1,29,70,108,760,0
1113,2024-02-16 09:00:00,16.0,,1.0,,,,1,30,61,121,761,0
1114,2024-02-16 10:00:00,19.2,,9.0,,,,1,31,54,152,761,0
1115,2024-02-16 11:00:00,15.8,,6.0,,,,1,32,52,188,761,0
1116,2024-02-16 12:00:00,16.2,,4.0,,,,1,32,50,222,760,0
1117,2024-02-16 13:00:00,14.4,,0.0,,,,1,33,47,204,760,0
1118,2024-02-16 14:00:00,18.2,,2.0,,,,1,33,47,147,759,0
1119,2024-02-16 15:00:00,9.2,,23.0,,,,1,33,46,152,759,0
1120,2024-02-16 16:00:00,17.1,,2.0,,,,1,32,52,192,758,0
1121,2024-02-16 17:00:00,15.2,,4.0,,,,1,30,60,148,758,0
1122,2024-02-16 18:00:00,20.3,,7.0,,,,1,29,67,138,759,0
1123,2024-02-16 19:00:00,19.1,,2.0,,,,1,28,71,129,759,0
1124,2024-02-16 20:00:00,19.6,,0.0,,,,1,28,71,124,759,0
1125,2024-02-16 21:00:00,14.4,,2.0,,,,1,28,72,111,760,0
1126,2024-02-16 22:00:00,15.4,,2.0,,,,1,28,73,113,760,0
1127,2024-02-16 23:00:00,16.2,,11.0,,,,1,28,74,110,760,0
1128,2024-02-17 00:00:00,17.8,,18.0,,,,1,27,75,111,759,0
1129,2024-02-17 01:00:00,14.5,,1.0,,,,1,27,75,102,759,0
1130,2024-02-17 02:00:00,14.7,,17.0,,,,1,27,77,95,758,0
1131,2024-02-17 03:00:00,16.2,,21.0,,,,1,27,77,110,758,0
1132,2024-02-17 04:00:00,17.1,,21.0,,,,1,26,78,117,758,0
1133,2024-02-17 05:00:00,16.2,,20.0,,,,1,26,77,117,758,0
1134,2024-02-17 06:00:00,21.0,,2.0,,,,1,26,78,113,759,0
1135,2024-02-17 07:00:00,26.1,,,,,,1,27,77,130,759,0
1136,2024-02-17 08:00:00,19.2,,17.0,,,,1,28,71,115,760,0
1137,2024-02-17 09:00:00,17.1,,1.0,,,,1,29,64,120,760,0
1138,2024-02-17 10:00:00,22.4,,0.0,,,,1,30,57,147,760,0
1139,2024-02-17 11:00:00,21.3,,1.0,,,,1,32,50,151,760,0
1140,2024-02-17 12:00:00,23.2,,20.0,,,,1,32,46,160,759,0
1141,2024-02-17 13:00:00,20.8,,0.0,,,,1,33,40,161,759,0
1142,2024-02-17 14:00:00,15.6,,25.0,,,,1,33,42,159,758,0
1143,2024-02-17 15:00:00,18.5,,25.0,,,,2,32,47,157,757,0
1144,2024-02-17 16:00:00,21.0,,25.0,,,,1,32,50,152,757,0
1145,2024-02-17 17:00:00,17.2,,23.0,,,,1,30,55,155,757,0
1146,2024-02-17 18:00:00,15.3,,21.0,,,,1,29,64,180,758,0
1147,2024-02-17 19:00:00,18.5,,21.0,,,,1,28,68,165,758,0
1148,2024-02-17 20:00:00,19.2,,22.0,,,,1,28,70,137,759,0
1149,2024-02-17 21:00:00,15.7,,22.0,,,,1,28,69,123,759,0
1150,2024-02-17 22:00:00,22.6,,18.0,,,,1,28,69,112,760,0
1151,2024-02-17 23:00:00,17.1,,15.0,,,,1,28,70,106,760,0
1152,2024-02-18 00:00:00,17.1,,13.0,,,,1,27,71,103,759,0
1153,2024-02-18 01:00:00,14.6,,20.0,,,,1,27,72,110,759,0
1154,2024-02-18 02:00:00,16.3,,20.0,,,,1,27,75,107,758,0
1155,2024-02-18 03:00:00,16.7,,21.0,,,,1,27,76,109,758,0
1156,2024-02-18 04:00:00,14.6,,20.0,,,,1,27,75,112,758,0
1157,2024-02-18 05:00:00,17.0,,19.0,,,,0,26,77,107,758,0
1158,2024-02-18 06:00:00,23.8,,19.0,,,,1,26,76,112,759,0
1159,2024-02-18 07:00:00,23.6,,19.0,,,,1,27,75,114,759,0
1160,2024-02-18 08:00:00,22.2,,,,,,1,29,68,120,760,0
1161,2024-02-18 09:00:00,,,24.0,,,,1,30,61,121,760,0
1162,2024-02-18 10:00:00,,,23.0,,,,1,31,57,126,760,0
1163,2024-02-18 11:00:00,17.9,,23.0,,,,1,32,53,159,760,0
1164,2024-02-18 12:00:00,18.6,,23.0,,,,1,32,54,202,759,0
1165,2024-02-18 13:00:00,17.3,,23.0,,,,1,32,55,218,758,0
1166,2024-02-18 14:00:00,17.2,,22.0,,,,1,32,58,199,758,0
1167,2024-02-18 15:00:00,14.8,,19.0,,,,1,31,60,180,757,0
1168,2024-02-18 16:00:00,16.0,,19.0,,,,1,30,65,160,757,0
1169,2024-02-18 17:00:00,18.0,,18.0,,,,1,29,68,131,757,0
1170,2024-02-18 18:00:00,21.0,,18.0,,,,1,29,69,120,758,0
1171,2024-02-18 19:00:00,22.7,,17.0,,,,1,27,81,116,758,0
1172,2024-02-18 20:00:00,21.5,,12.0,,,,1,27,86,111,759,0
1173,2024-02-18 21:00:00,27.0,,16.0,,,,0,27,82,106,760,0
1174,2024-02-18 22:00:00,24.7,,28.0,,,,1,28,78,105,760,0
1175,2024-02-18 23:00:00,14.2,,23.0,,,,1,28,77,107,760,0
1176,2024-02-19 00:00:00,14.4,,18.0,,,,1,28,76,108,759,0
1177,2024-02-19 01:00:00,17.5,,17.0,,,,1,28,76,106,759,0
1178,2024-02-19 02:00:00,14.0,,18.0,,,,0,28,76,104,758,0
1179,2024-02-19 03:00:00,13.6,,18.0,,,,1,28,74,96,758,0
1180,2024-02-19 04:00:00,14.4,,17.0,,,,1,27,78,94,758,0
1181,2024-02-19 05:00:00,13.2,,18.0,,,,1,27,78,102,759,0
1182,2024-02-19 06:00:00,13.5,,15.0,,,,0,27,78,102,759,0
1183,2024-02-19 07:00:00,19.7,,14.0,,,,1,28,76,96,760,0
1184,2024-02-19 08:00:00,19.0,,18.0,,,,1,29,71,112,760,0
1185,2024-02-19 09:00:00,10.2,,,,,,1,31,61,115,760,0
1186,2024-02-19 10:00:00,13.5,,22.0,,,,1,31,57,136,760,0
1187,2024-02-19 11:00:00,14.4,,22.0,,,,1,32,55,147,760,0
1188,2024-02-19 12:00:00,14.7,,24.0,,,,2,32,55,139,759,0
1189,2024-02-19 13:00:00,10.6,,23.0,,,,1,33,52,155,759,0
1190,2024-02-19 14:00:00,11.9,,20.0,,,,1,33,57,169,758,0
1191,2024-02-19 15:00:00,9.8,,19.0,,,,1,31,60,157,757,0
1192,2024-02-19 16:00:00,8.5,,18.0,,,,1,31,60,177,757,0
1193,2024-02-19 17:00:00,12.7,,15.0,,,,1,30,65,144,757,0
1194,2024-02-19 18:00:00,14.1,,18.0,,,,1,29,69,126,757,0
1195,2024-02-19 19:00:00,20.0,,17.0,,,,1,29,74,119,758,0
1196,2024-02-19 20:00:00,18.8,,17.0,,,,1,28,77,110,759,0
1197,2024-02-19 21:00:00,19.8,,26.0,,,,1,28,78,112,760,0
1198,2024-02-19 22:00:00,23.5,,26.0,,,,1,28,78,115,760,0
1199,2024-02-19 23:00:00,13.0,,15.0,,,,1,28,78,117,759,0
1200,2024-02-20 00:00:00,11.3,,15.0,,,,1,28,78,111,759,0
1201,2024-02-20 01:00:00,15.2,,9.0,,,,0,27,83,111,759,0
1202,2024-02-20 02:00:00,19.2,,7.0,,,,0,27,85,107,758,0
1203,2024-02-20 03:00:00,11.8,,8.0,,,,0,27,87,107,758,0
1204,2024-02-20 04:00:00,14.3,,7.0,,,,0,27,87,107,757,0
1205,2024-02-20 05:00:00,18.9,,4.0,,,,0,26,88,106,758,0
1206,2024-02-20 06:00:00,26.2,,3.0,,,,0,26,89,106,759,0
1207,2024-02-20 07:00:00,28.9,,6.0,,,,0,27,85,105,759,0
1208,2024-02-20 08:00:00,31.4,,18.0,,,,1,29,69,112,760,0
1209,2024-02-20 09:00:00,19.0,,25.0,,,,1,31,62,93,760,0
1210,2024-02-20 10:00:00,15.7,,,,,,1,32,56,104,760,0
1211,2024-02-20 11:00:00,17.8,,19.0,,,,1,34,48,127,760,0
1212,2024-02-20 12:00:00,14.5,,19.0,,,,1,34,47,167,759,0
1213,2024-02-20 13:00:00,13.5,,19.0,,,,1,34,48,170,758,0
1214,2024-02-20 14:00:00,9.8,,19.0,,,,1,34,46,151,758,0
1215,2024-02-20 15:00:00,10.7,,20.0,,,,1,33,52,194,757,0
1216,2024-02-20 16:00:00,14.7,,18.0,,,,1,32,59,175,757,0
1217,2024-02-20 17:00:00,13.1,,16.0,,,,1,30,65,140,757,0
1218,2024-02-20 18:00:00,19.0,,17.0,,,,1,29,70,129,758,0
1219,2024-02-20 19:00:00,18.3,,16.0,,,,1,29,72,115,758,0
1220,2024-02-20 20:00:00,13.1,,18.0,,,,2,29,73,116,759,0
1221,2024-02-20 21:00:00,10.9,,27.0,,,,1,28,73,110,759,0
1222,2024-02-20 22:00:00,10.3,,27.0,,,,1,28,75,108,759,0
1223,2024-02-20 23:00:00,11.5,,21.0,,,,1,28,77,108,759,0
1224,2024-02-21 00:00:00,12.6,,13.0,,,,0,28,80,106,759,0
1225,2024-02-21 01:00:00,20.4,,9.0,,,,0,27,82,105,758,0
1226,2024-02-21 02:00:00,19.8,,9.0,,,,0,27,84,105,758,0
1227,2024-02-21 03:00:00,12.3,,6.0,,,,1,27,84,95,758,0
1228,2024-02-21 04:00:00,13.9,,5.0,,,,0,26,87,109,758,0
1229,2024-02-21 05:00:00,20.6,,4.0,,,,0,26,89,109,758,0
1230,2024-02-21 06:00:00,25.7,,2.0,,,,0,26,89,112,758,0
1231,2024-02-21 07:00:00,21.8,,7.0,,,,0,26,87,109,759,0
1232,2024-02-21 08:00:00,24.0,,16.0,,,,1,28,72,108,759,0
1233,2024-02-21 09:00:00,17.7,,23.0,,,,1,30,62,102,760,0
1234,2024-02-21 10:00:00,12.8,,31.0,,,,1,32,54,118,760,0
1235,2024-02-21 11:00:00,10.2,,,,,,1,33,47,130,760,0
1236,2024-02-21 12:00:00,9.2,,22.0,,,,1,34,45,127,759,0
1237,2024-02-21 13:00:00,9.5,,23.0,,,,1,34,44,142,758,0
1238,2024-02-21 14:00:00,8.4,,28.0,,,,2,34,43,147,757,0
1239,2024-02-21 15:00:00,13.6,,30.0,,,,1,34,45,155,757,0
1240,2024-02-21 16:00:00,17.9,,28.0,,,,1,33,52,174,757,0
1241,2024-02-21 17:00:00,14.0,,25.0,,,,2,31,57,151,757,0
1242,2024-02-21 18:00:00,16.1,,22.0,,,,1,30,66,138,757,0
1243,2024-02-21 19:00:00,19.4,,19.0,,,,1,29,71,120,758,0
1244,2024-02-21 20:00:00,14.4,,20.0,,,,1,28,73,116,758,0
1245,2024-02-21 21:00:00,18.2,,30.0,,,,1,28,74,113,759,0
1246,2024-02-21 22:00:00,16.4,,29.0,,,,1,28,75,109,760,0
1247,2024-02-21 23:00:00,11.4,,20.0,,,,1,28,76,107,760,0
1248,2024-02-22 00:00:00,17.5,,19.0,,,,1,28,76,106,759,0
1249,2024-02-22 01:00:00,17.0,,17.0,,,,1,27,78,108,759,0
1250,2024-02-22 02:00:00,15.6,,14.0,,,,0,27,81,106,758,0
1251,2024-02-22 03:00:00,13.4,,12.0,,,,0,26,83,114,758,0
1252,2024-02-22 04:00:00,11.8,,7.0,,,,0,26,86,109,758,0
1253,2024-02-22 05:00:00,20.1,,11.0,,,,1,26,83,101,758,0
1254,2024-02-22 06:00:00,20.5,,3.0,,,,0,26,85,105,759,0
1255,2024-02-22 07:00:00,25.9,,4.0,,,,1,26,84,103,759,0
1256,2024-02-22 08:00:00,25.4,,21.0,,,,1,29,69,118,760,0
1257,2024-02-22 09:00:00,15.2,,25.0,,,,1,31,60,108,760,0
1258,2024-02-22 10:00:00,12.9,,27.0,,,,1,31,56,134,760,0
1259,2024-02-22 11:00:00,13.2,,27.0,,,,1,33,51,136,760,0
1260,2024-02-22 12:00:00,10.0,,,,,,1,33,48,138,759,0
1261,2024-02-22 13:00:00,11.2,,24.0,,,,1,33,46,144,759,0
1262,2024-02-22 14:00:00,8.5,,24.0,,,,1,33,45,170,758,0
1263,2024-02-22 15:00:00,8.6,,22.0,,,,1,33,45,156,758,0
1264,2024-02-22 16:00:00,7.9,,22.0,,,,2,33,49,138,757,0
1265,2024-02-22 17:00:00,9.7,,21.0,,,,1,31,55,156,758,0
1266,2024-02-22 18:00:00,10.3,,20.0,,,,1,29,64,157,758,0
1267,2024-02-22 19:00:00,11.2,,19.0,,,,1,29,68,118,759,0
1268,2024-02-22 20:00:00,12.0,,21.0,,,,2,28,69,118,759,0
1269,2024-02-22 21:00:00,12.5,,22.0,,,,1,28,70,110,760,0
1270,2024-02-22 22:00:00,9.8,,28.0,,,,1,28,72,109,760,0
1271,2024-02-22 23:00:00,9.3,,20.0,,,,1,28,74,107,760,0
1272,2024-02-23 00:00:00,10.5,,15.0,,,,1,27,76,106,760,0
1273,2024-02-23 01:00:00,12.6,,10.0,,,,1,27,79,107,759,0
1274,2024-02-23 02:00:00,16.2,,10.0,,,,1,26,82,106,759,0
1275,2024-02-23 03:00:00,14.8,,9.0,,,,0,26,84,105,759,0
1276,2024-02-23 04:00:00,16.9,,8.0,,,,0,26,85,105,759,0
1277,2024-02-23 05:00:00,16.1,,5.0,,,,1,25,87,106,759,0
1278,2024-02-23 06:00:00,21.7,,2.0,,,,0,25,88,105,759,0
1279,2024-02-23 07:00:00,23.0,,5.0,,,,0,26,83,102,760,0
1280,2024-02-23 08:00:00,,,,,,,1,28,71,113,760,0
1281,2024-02-23 09:00:00,,,,,,,1,30,63,131,760,0
1282,2024-02-23 10:00:00,12.1,,,,,,1,31,56,159,760,0
1283,2024-02-23 11:00:00,10.1,,,,,,1,32,52,164,760,0
1284,2024-02-23 12:00:00,7.3,,,,,,1,32,50,171,760,0
1285,2024-02-23 13:00:00,6.9,,,,,,1,33,49,176,759,0
1286,2024-02-23 14:00:00,5.3,,,,,,1,33,48,175,758,0
1287,2024-02-23 15:00:00,5.6,,,,,,1,33,50,185,758,0
1288,2024-02-23 16:00:00,8.6,,,,,,1,32,52,192,758,0
1289,2024-02-23 17:00:00,10.0,,,,,,1,31,53,189,758,0
1290,2024-02-23 18:00:00,12.1,,,,,,1,30,62,136,758,0
1291,2024-02-23 19:00:00,10.4,,,,,,1,29,68,131,759,0
1292,2024-02-23 20:00:00,15.6,,,,,,1,28,71,112,759,0
1293,2024-02-23 21:00:00,18.3,,,,,,1,28,73,113,759,0
1294,2024-02-23 22:00:00,12.4,,,,,,1,28,75,111,760,0
1295,2024-02-23 23:00:00,10.2,,,,,,1,28,75,115,759,0
1296,2024-02-24 00:00:00,12.6,,,,,,1,27,76,109,759,0
1297,2024-02-24 01:00:00,10.0,,,,,,1,27,75,117,759,0
1298,2024-02-24 02:00:00,11.4,,,,,,1,27,73,119,758,0
1299,2024-02-24 03:00:00,7.2,,,,,,1,27,76,110,758,0
1300,2024-02-24 04:00:00,8.8,,,,,,1,27,77,106,758,0
1301,2024-02-24 05:00:00,11.1,,,,,,1,27,76,103,759,0
1302,2024-02-24 06:00:00,18.9,,,,,,1,26,78,103,759,0
1303,2024-02-24 07:00:00,15.0,,,,,,1,27,75,92,760,0
1304,2024-02-24 08:00:00,10.3,,,,,,1,29,67,115,760,0
1305,2024-02-24 09:00:00,13.7,,,,,,1,31,58,115,760,0
1306,2024-02-24 10:00:00,11.7,,,,,,1,31,54,125,760,0
1307,2024-02-24 11:00:00,10.2,,,,,,1,32,47,161,760,0
1308,2024-02-24 12:00:00,8.2,,,,,,1,33,47,139,759,0
1309,2024-02-24 13:00:00,9.2,,,,,,1,33,46,152,759,0
1310,2024-02-24 14:00:00,6.8,,,,,,1,33,48,149,758,0
1311,2024-02-24 15:00:00,6.4,,,,,,1,33,48,166,757,0
1312,2024-02-24 16:00:00,12.4,,,,,,1,32,51,159,757,0
1313,2024-02-24 17:00:00,10.9,,,,,,1,31,54,179,757,0
1314,2024-02-24 18:00:00,14.0,,,,,,1,30,61,190,757,0
1315,2024-02-24 19:00:00,17.5,,,,,,1,29,68,154,758,0
1316,2024-02-24 20:00:00,16.1,,,,,,2,28,69,132,759,0
1317,2024-02-24 21:00:00,12.7,,,,,,1,28,71,121,759,0
1318,2024-02-24 22:00:00,11.1,,,,,,2,28,74,118,759,0
1319,2024-02-24 23:00:00,17.0,,,,,,1,28,72,114,759,0
1320,2024-02-25 00:00:00,13.3,,,,,,1,28,72,123,759,0
1321,2024-02-25 01:00:00,10.5,,,,,,1,27,73,135,758,0
1322,2024-02-25 02:00:00,10.8,,,,,,1,27,74,144,758,0
1323,2024-02-25 03:00:00,7.1,,,,,,1,27,75,92,758,0
1324,2024-02-25 04:00:00,10.0,,,,,,1,26,77,97,758,0
1325,2024-02-25 05:00:00,13.3,,,,,,1,26,77,100,758,0
1326,2024-02-25 06:00:00,16.3,,,,,,1,26,78,97,758,0
1327,2024-02-25 07:00:00,13.2,,,,,,1,27,75,100,759,0
1328,2024-02-25 08:00:00,13.7,,,,,,1,29,65,92,759,0
1329,2024-02-25 09:00:00,10.5,,,,,,1,31,59,111,760,0
1330,2024-02-25 10:00:00,12.4,,,,,,1,32,54,135,760,0
1331,2024-02-25 11:00:00,17.8,,,,,,1,33,48,138,759,0
1332,2024-02-25 12:00:00,15.7,,,,,,1,34,44,185,759,0
1333,2024-02-25 13:00:00,12.0,,,,,,1,33,51,172,758,0
1334,2024-02-25 14:00:00,13.6,,,,,,1,33,52,159,758,0
1335,2024-02-25 15:00:00,17.5,,,,,,1,33,54,155,757,0
1336,2024-02-25 16:00:00,20.0,,,,,,2,32,58,153,757,0
1337,2024-02-25 17:00:00,20.4,,,,,,2,31,61,156,757,0
1338,2024-02-25 18:00:00,22.6,,,,,,1,29,67,144,757,0
1339,2024-02-25 19:00:00,26.2,,,,,,2,29,69,126,758,0
1340,2024-02-25 20:00:00,25.4,,,,,,1,29,72,185,759,0
1341,2024-02-25 21:00:00,19.1,,,,,,1,28,72,142,759,0
1342,2024-02-25 22:00:00,21.2,,,,,,1,28,68,140,759,0
1343,2024-02-25 23:00:00,17.7,,,,,,1,28,70,113,760,0
1344,2024-02-26 00:00:00,18.1,,,,,,1,28,72,120,759,0
1345,2024-02-26 01:00:00,15.2,,,,,,1,28,74,124,759,0
1346,2024-02-26 02:00:00,14.8,,,,,,1,27,74,125,758,0
1347,2024-02-26 03:00:00,12.9,,,,,,1,27,74,122,758,0
1348,2024-02-26 04:00:00,17.3,,,,,,1,27,75,123,758,0
1349,2024-02-26 05:00:00,15.6,,,,,,1,27,75,122,758,0
1350,2024-02-26 06:00:00,27.4,,,,,,1,27,76,115,758,0
1351,2024-02-26 07:00:00,27.3,,,,,,1,28,73,121,759,0
1352,2024-02-26 08:00:00,19.2,,,,,,1,29,68,117,759,0
1353,2024-02-26 09:00:00,22.5,,,,,,1,30,63,135,760,0
1354,2024-02-26 10:00:00,22.4,,,,,,1,32,55,200,760,0
1355,2024-02-26 11:00:00,18.9,,,,,,1,32,52,158,759,0
1356,2024-02-26 12:00:00,20.0,,,,,,1,33,49,221,759,0
1357,2024-02-26 13:00:00,18.3,,,,,,1,33,45,171,758,0
1358,2024-02-26 14:00:00,17.8,,,,,,1,33,47,201,758,0
1359,2024-02-26 15:00:00,19.8,,,,,,1,33,51,153,757,0
1360,2024-02-26 16:00:00,18.3,,,,,,1,32,54,163,757,0
1361,2024-02-26 17:00:00,16.8,,,,,,1,31,56,187,757,0
1362,2024-02-26 18:00:00,22.9,,,,,,1,30,63,158,757,0
1363,2024-02-26 19:00:00,19.8,,,,,,1,29,69,170,757,0
1364,2024-02-26 20:00:00,20.2,,,,,,1,29,72,191,758,0
1365,2024-02-26 21:00:00,16.0,,,,,,1,28,72,139,758,0
1366,2024-02-26 22:00:00,18.7,,,,,,1,28,72,119,758,0
1367,2024-02-26 23:00:00,16.6,,,,,,1,28,72,116,758,0
1368,2024-02-27 00:00:00,14.1,,,,,,1,28,72,102,758,0
1369,2024-02-27 01:00:00,17.2,,,,,,1,28,73,96,758,0
1370,2024-02-27 02:00:00,11.5,,,,,,1,28,74,114,758,0
1371,2024-02-27 03:00:00,9.7,,,,,,1,27,75,94,758,0
1372,2024-02-27 04:00:00,12.4,,,,,,1,27,77,95,758,0
1373,2024-02-27 05:00:00,18.8,,,,,,1,27,77,114,758,0
1374,2024-02-27 06:00:00,24.7,,,,,,1,27,77,103,758,0
1375,2024-02-27 07:00:00,17.7,,,,,,1,27,75,108,759,0
1376,2024-02-27 08:00:00,20.6,,,,,,1,29,67,96,759,0
1377,2024-02-27 09:00:00,18.4,,,,,,1,30,62,119,760,0
1378,2024-02-27 10:00:00,,,0.0,,,,1,32,52,162,760,0
1379,2024-02-27 11:00:00,,,5.0,,,,1,32,51,149,759,0
1380,2024-02-27 12:00:00,15.3,,13.0,,,,1,33,49,188,759,0
1381,2024-02-27 13:00:00,12.3,,2.0,,,,1,33,48,168,758,0
1382,2024-02-27 14:00:00,10.2,,21.0,,,,1,33,49,186,757,0
1383,2024-02-27 15:00:00,18.1,,23.0,,,,1,32,51,190,757,0
1384,2024-02-27 16:00:00,13.5,,0.0,,,,1,32,56,181,756,0
1385,2024-02-27 17:00:00,12.1,,,,,,1,30,61,197,757,0
1386,2024-02-27 18:00:00,15.3,,3.0,,,,1,29,66,178,757,0
1387,2024-02-27 19:00:00,21.7,,9.0,,,,1,29,67,162,757,0
1388,2024-02-27 20:00:00,17.5,,1.0,,,,1,29,68,134,758,0
1389,2024-02-27 21:00:00,21.1,,0.0,,,,1,29,69,140,758,0
1390,2024-02-27 22:00:00,23.2,,0.0,,,,1,29,70,111,758,0
1391,2024-02-27 23:00:00,16.2,,8.0,,,,1,28,71,120,758,0
1392,2024-02-28 00:00:00,18.3,,9.0,,,,1,28,72,119,758,0
1393,2024-02-28 01:00:00,14.5,,19.0,,,,1,28,74,140,758,0
1394,2024-02-28 02:00:00,12.4,,20.0,,,,1,28,74,117,757,0
1395,2024-02-28 03:00:00,11.7,,21.0,,,,1,28,74,115,757,0
1396,2024-02-28 04:00:00,17.8,,17.0,,,,1,27,74,108,757,0
1397,2024-02-28 05:00:00,18.0,,0.0,,,,1,27,75,83,757,0
1398,2024-02-28 06:00:00,18.9,,0.0,,,,1,27,76,96,757,0
1399,2024-02-28 07:00:00,19.8,,6.0,,,,1,28,73,85,758,0
1400,2024-02-28 08:00:00,19.0,,2.0,,,,1,29,67,117,758,0
1401,2024-02-28 09:00:00,18.9,,0.0,,,,1,31,58,124,759,0
1402,2024-02-28 10:00:00,18.0,,3.0,,,,1,32,52,181,758,0
1403,2024-02-28 11:00:00,16.1,,1.0,,,,1,33,50,204,758,0
1404,2024-02-28 12:00:00,13.2,,13.0,,,,1,33,48,189,757,0
1405,2024-02-28 13:00:00,15.1,,10.0,,,,1,34,47,194,757,0
1406,2024-02-28 14:00:00,14.3,,4.0,,,,1,33,50,188,756,0
1407,2024-02-28 15:00:00,16.3,,18.0,,,,1,33,52,198,756,0
1408,2024-02-28 16:00:00,16.0,,5.0,,,,1,32,53,179,756,0
1409,2024-02-28 17:00:00,23.1,,0.0,,,,1,31,57,209,756,0
1410,2024-02-28 18:00:00,27.7,,,,,,1,29,61,216,757,0
1411,2024-02-28 19:00:00,23.6,,0.0,,,,1,29,64,184,757,0
1412,2024-02-28 20:00:00,25.2,,0.0,,,,1,29,64,183,758,0
1413,2024-02-28 21:00:00,23.2,,1.0,,,,1,29,64,159,758,0
1414,2024-02-28 22:00:00,24.7,,3.0,,,,1,28,65,134,758,0
1415,2024-02-28 23:00:00,19.8,,6.0,,,,1,28,65,94,758,0
1416,2024-02-29 00:00:00,18.5,,3.0,,,,1,28,66,91,758,0
1417,2024-02-29 01:00:00,16.1,,24.0,,,,1,27,68,96,758,0
1418,2024-02-29 02:00:00,16.0,,24.0,,,,1,27,68,108,758,0
1419,2024-02-29 03:00:00,15.4,,26.0,,,,1,27,68,98,757,0
1420,2024-02-29 04:00:00,17.8,,19.0,,,,1,27,70,100,757,0
1421,2024-02-29 05:00:00,22.5,,3.0,,,,1,26,71,106,757,0
1422,2024-02-29 06:00:00,21.9,,12.0,,,,1,26,73,111,757,0
1423,2024-02-29 07:00:00,23.2,,2.0,,,,1,26,74,109,758,0
1424,2024-02-29 08:00:00,24.5,,2.0,,,,1,29,64,114,759,0
1425,2024-02-29 09:00:00,21.1,,1.0,,,,1,30,58,116,759,0
1426,2024-02-29 10:00:00,20.2,,0.0,,,,1,32,51,117,759,0
1427,2024-02-29 11:00:00,15.8,,2.0,,,,1,33,44,122,759,0
1428,2024-02-29 12:00:00,13.9,,14.0,,,,1,33,43,146,758,0
1429,2024-02-29 13:00:00,13.8,,2.0,,,,1,33,44,150,758,0
1430,2024-02-29 14:00:00,13.6,,22.0,,,,1,33,45,156,757,0
1431,2024-02-29 15:00:00,14.9,,2.0,,,,1,33,44,144,756,0
1432,2024-02-29 16:00:00,17.0,,24.0,,,,2,33,45,144,756,0
1433,2024-02-29 17:00:00,17.4,,1.0,,,,1,32,55,145,756,0
1434,2024-02-29 18:00:00,18.5,,4.0,,,,1,30,65,132,757,0
1435,2024-02-29 19:00:00,23.4,,,,,,1,29,70,116,757,0
1436,2024-02-29 20:00:00,21.8,,0.0,,,,1,29,71,151,758,0
1437,2024-02-29 21:00:00,25.1,,0.0,,,,1,28,71,143,759,0
1438,2024-02-29 22:00:00,19.5,,1.0,,,,1,28,71,120,759,0
1439,2024-02-29 23:00:00,18.4,,4.0,,,,1,28,72,110,759,0
1440,2024-03-01 00:00:00,20.5,,5.0,,,,1,28,72,111,758,0
1441,2024-03-01 01:00:00,22.7,,17.0,,,,1,28,74,108,758,0
1442,2024-03-01 02:00:00,19.6,,18.0,,,,2,28,77,117,758,0
1443,2024-03-01 03:00:00,15.4,,19.0,,,,1,27,78,112,758,0
1444,2024-03-01 04:00:00,19.4,,9.0,,,,1,27,78,103,757,0
1445,2024-03-01 05:00:00,26.0,,1.0,,,,1,27,80,98,758,0
1446,2024-03-01 06:00:00,22.6,,1.0,,,,1,27,80,98,758,0
1447,2024-03-01 07:00:00,19.8,,0.0,,,,1,28,76,106,758,0
1448,2024-03-01 08:00:00,23.5,,0.0,,,,1,30,70,115,759,0
1449,2024-03-01 09:00:00,20.4,,0.0,,,,1,30,66,127,759,0
1450,2024-03-01 10:00:00,21.3,,3.0,,,,1,32,61,143,759,0
1451,2024-03-01 11:00:00,16.3,,1.0,,,,1,33,54,187,759,0
1452,2024-03-01 12:00:00,13.4,,12.0,,,,1,33,55,185,758,0
1453,2024-03-01 13:00:00,13.5,,22.0,,,,1,33,52,187,758,0
1454,2024-03-01 14:00:00,11.2,,19.0,,,,1,33,50,196,757,0
1455,2024-03-01 15:00:00,14.0,,0.0,,,,1,33,51,191,757,0
1456,2024-03-01 16:00:00,17.7,,20.0,,,,1,32,53,167,757,0
1457,2024-03-01 17:00:00,16.7,,9.0,,,,1,31,60,172,757,0
1458,2024-03-01 18:00:00,17.7,,0.0,,,,2,30,66,129,757,0
1459,2024-03-01 19:00:00,21.6,,1.0,,,,1,29,69,128,758,0
1460,2024-03-01 20:00:00,21.2,,,,,,1,29,69,118,758,0
1461,2024-03-01 21:00:00,25.7,,0.0,,,,1,28,70,122,759,0
1462,2024-03-01 22:00:00,24.1,,2.0,,,,1,28,72,111,759,0
1463,2024-03-01 23:00:00,27.2,,14.0,,,,1,28,73,115,759,0
1464,2024-03-02 00:00:00,23.5,,7.0,,,,1,28,74,125,759,0
1465,2024-03-02 01:00:00,24.2,,11.0,,,,1,28,72,137,758,0
1466,2024-03-02 02:00:00,17.6,,24.0,,,,1,28,72,125,758,0
1467,2024-03-02 03:00:00,15.2,,21.0,,,,1,28,74,121,758,0
1468,2024-03-02 04:00:00,16.5,,17.0,,,,1,27,76,111,757,0
1469,2024-03-02 05:00:00,22.6,,0.0,,,,1,28,76,117,758,0
1470,2024-03-02 06:00:00,22.8,,14.0,,,,1,27,76,107,758,0
1471,2024-03-02 07:00:00,21.0,,3.0,,,,1,28,76,108,759,0
1472,2024-03-02 08:00:00,21.1,,0.0,,,,1,29,73,108,759,0
1473,2024-03-02 09:00:00,18.6,,2.0,,,,1,30,71,116,760,0
1474,2024-03-02 10:00:00,18.5,,4.0,,,,1,31,61,122,760,0
1475,2024-03-02 11:00:00,23.0,,0.0,,,,1,32,57,141,759,0
1476,2024-03-02 12:00:00,16.9,,2.0,,,,1,33,55,170,759,0
1477,2024-03-02 13:00:00,19.5,,4.0,,,,1,33,55,172,758,0
1478,2024-03-02 14:00:00,14.8,,19.0,,,,1,32,58,163,757,0
1479,2024-03-02 15:00:00,12.7,,18.0,,,,1,31,60,176,757,0
1480,2024-03-02 16:00:00,17.4,,0.0,,,,1,31,61,169,757,0
1481,2024-03-02 17:00:00,20.2,,6.0,,,,1,30,66,179,757,0
1482,2024-03-02 18:00:00,21.1,,1.0,,,,1,29,69,155,757,0
1483,2024-03-02 19:00:00,25.7,,1.0,,,,1,29,72,144,758,0
1484,2024-03-02 20:00:00,22.8,,0.0,,,,1,29,72,123,759,0
1485,2024-03-02 21:00:00,22.8,,,,,,1,29,72,105,759,0
1486,2024-03-02 22:00:00,21.5,,8.0,,,,1,29,70,103,760,0
1487,2024-03-02 23:00:00,18.2,,1.0,,,,1,29,70,109,759,0
1488,2024-03-03 00:00:00,17.5,,3.0,,,,1,28,73,111,759,0
1489,2024-03-03 01:00:00,16.3,,17.0,,,,1,28,75,105,758,0
1490,2024-03-03 02:00:00,17.1,,19.0,,,,1,28,76,111,758,0
1491,2024-03-03 03:00:00,17.1,,20.0,,,,1,28,76,112,757,0
1492,2024-03-03 04:00:00,15.9,,20.0,,,,1,28,78,106,757,0
1493,2024-03-03 05:00:00,21.9,,29.0,,,,1,27,79,109,757,0
1494,2024-03-03 06:00:00,19.8,,21.0,,,,1,27,80,90,758,0
1495,2024-03-03 07:00:00,20.1,,19.0,,,,1,28,76,94,759,0
1496,2024-03-03 08:00:00,18.1,,18.0,,,,1,29,69,102,759,0
1497,2024-03-03 09:00:00,16.8,,16.0,,,,1,31,61,109,759,0
1498,2024-03-03 10:00:00,18.3,,13.0,,,,1,32,57,173,759,0
1499,2024-03-03 11:00:00,15.8,,22.0,,,,1,33,54,145,758,0
1500,2024-03-03 12:00:00,14.8,,13.0,,,,1,33,51,191,758,0
1501,2024-03-03 13:00:00,16.0,,13.0,,,,1,33,52,187,757,0
1502,2024-03-03 14:00:00,14.5,,22.0,,,,1,33,53,194,757,0
1503,2024-03-03 15:00:00,15.6,,24.0,,,,1,33,50,227,756,0
1504,2024-03-03 16:00:00,20.3,,25.0,,,,2,32,45,216,756,0
1505,2024-03-03 17:00:00,19.0,,22.0,,,,1,31,55,186,756,0
1506,2024-03-03 18:00:00,18.0,,21.0,,,,1,29,62,169,757,0
1507,2024-03-03 19:00:00,20.5,,22.0,,,,1,29,66,141,757,0
1508,2024-03-03 20:00:00,21.6,,21.0,,,,1,29,68,126,758,0
1509,2024-03-03 21:00:00,18.2,,21.0,,,,1,29,69,125,759,0
1510,2024-03-03 22:00:00,16.4,,,,,,1,28,69,122,759,0
1511,2024-03-03 23:00:00,22.6,,19.0,,,,1,28,70,105,759,0
1512,2024-03-04 00:00:00,17.1,,19.0,,,,1,28,73,98,758,0
1513,2024-03-04 01:00:00,17.4,,20.0,,,,1,28,73,119,758,0
1514,2024-03-04 02:00:00,12.4,,20.0,,,,1,28,74,112,758,0
1515,2024-03-04 03:00:00,12.9,,20.0,,,,1,27,76,113,757,0
1516,2024-03-04 04:00:00,20.6,,19.0,,,,1,27,77,110,757,0
1517,2024-03-04 05:00:00,24.1,,18.0,,,,1,27,78,113,757,0
1518,2024-03-04 06:00:00,24.0,,13.0,,,,1,27,81,109,758,0
1519,2024-03-04 07:00:00,22.9,,21.0,,,,1,28,75,107,759,0
1520,2024-03-04 08:00:00,19.4,,25.0,,,,2,29,68,115,759,0
1521,2024-03-04 09:00:00,22.1,,27.0,,,,1,31,63,111,759,0
1522,2024-03-04 10:00:00,19.2,,28.0,,,,1,32,56,115,759,0
1523,2024-03-04 11:00:00,20.7,,29.0,,,,1,33,52,138,758,0
1524,2024-03-04 12:00:00,20.4,,24.0,,,,1,33,50,151,758,0
1525,2024-03-04 13:00:00,14.7,,13.0,,,,1,33,50,154,757,0
1526,2024-03-04 14:00:00,18.7,,30.0,,,,2,33,51,141,757,0
1527,2024-03-04 15:00:00,16.2,,30.0,,,,1,33,53,169,756,0
1528,2024-03-04 16:00:00,18.5,,26.0,,,,1,32,55,181,756,0
1529,2024-03-04 17:00:00,18.2,,25.0,,,,1,31,59,150,756,0
1530,2024-03-04 18:00:00,15.9,,18.0,,,,1,30,66,121,757,0
1531,2024-03-04 19:00:00,17.5,,27.0,,,,2,29,70,116,757,0
1532,2024-03-04 20:00:00,23.9,,27.0,,,,2,29,73,115,758,0
1533,2024-03-04 21:00:00,20.4,,29.0,,,,2,28,75,113,758,0
1534,2024-03-04 22:00:00,19.5,,24.0,,,,1,28,77,110,759,0
1535,2024-03-04 23:00:00,20.1,,,,,,1,28,77,110,759,0
1536,2024-03-05 00:00:00,21.5,,19.0,,,,1,28,76,110,758,0
1537,2024-03-05 01:00:00,16.4,,15.0,,,,1,27,80,110,757,0
1538,2024-03-05 02:00:00,20.3,,13.0,,,,1,27,83,107,757,0
1539,2024-03-05 03:00:00,17.3,,9.0,,,,1,27,85,107,757,0
1540,2024-03-05 04:00:00,20.1,,8.0,,,,0,26,86,107,757,0
1541,2024-03-05 05:00:00,27.2,,10.0,,,,0,26,86,106,757,0
1542,2024-03-05 06:00:00,,,6.0,,,,0,0,34,104,662,0
1543,2024-03-05 07:00:00,,,1.0,,,,1,0,0,106,600,0
1544,2024-03-05 08:00:00,,,0.0,,,,1,0,0,107,600,0
1545,2024-03-05 09:00:00,,,5.0,,,,1,0,15,110,638,0
1546,2024-03-05 10:00:00,,,1.0,,,,2,32,59,123,759,0
1547,2024-03-05 11:00:00,24.0,,0.0,,,,2,33,55,123,759,0
1548,2024-03-05 12:00:00,23.1,,1.0,,,,2,34,50,130,758,0
1549,2024-03-05 13:00:00,21.0,,21.0,,,,2,34,48,139,757,0
1550,2024-03-05 14:00:00,22.5,,2.0,,,,2,35,43,139,756,0
1551,2024-03-05 15:00:00,19.2,,14.0,,,,2,34,49,145,756,0
1552,2024-03-05 16:00:00,21.7,,8.0,,,,2,33,52,146,756,0
1553,2024-03-05 17:00:00,24.6,,5.0,,,,2,32,59,138,756,0
1554,2024-03-05 18:00:00,20.8,,12.0,,,,2,30,64,128,756,0
1555,2024-03-05 19:00:00,23.3,,5.0,,,,1,29,69,116,757,0
1556,2024-03-05 20:00:00,29.5,,7.0,,,,1,29,72,111,757,0
1557,2024-03-05 21:00:00,28.5,,1.0,,,,1,29,73,108,757,0
1558,2024-03-05 22:00:00,23.8,,5.0,,,,0,28,74,105,758,0
1559,2024-03-05 23:00:00,23.1,,1.0,,,,1,28,77,88,758,0
1560,2024-03-06 00:00:00,22.2,,,,,,0,28,78,98,757,0
1561,2024-03-06 01:00:00,22.5,,2.0,,,,1,27,80,93,757,0
1562,2024-03-06 02:00:00,25.1,,4.0,,,,2,27,82,88,757,0
1563,2024-03-06 03:00:00,20.4,,0.0,,,,1,26,84,93,756,0
1564,2024-03-06 04:00:00,30.2,,4.0,,,,0,26,85,102,756,0
1565,2024-03-06 05:00:00,23.1,,1.0,,,,1,26,85,96,757,0
1566,2024-03-06 06:00:00,33.0,,2.0,,,,1,26,87,89,757,0
1567,2024-03-06 07:00:00,30.3,,1.0,,,,1,26,85,100,757,0
1568,2024-03-06 08:00:00,38.1,,3.0,,,,1,28,75,93,758,0
1569,2024-03-06 09:00:00,36.9,,3.0,,,,1,30,65,91,758,0
1570,2024-03-06 10:00:00,35.3,,6.0,,,,2,32,58,84,758,0
1571,2024-03-06 11:00:00,23.4,,3.0,,,,2,34,51,90,757,0
1572,2024-03-06 12:00:00,23.5,,3.0,,,,2,35,46,121,757,0
1573,2024-03-06 13:00:00,23.5,,4.0,,,,3,35,48,134,756,0
1574,2024-03-06 14:00:00,21.0,,1.0,,,,3,35,47,139,755,0
1575,2024-03-06 15:00:00,23.8,,4.0,,,,2,35,48,145,755,0
1576,2024-03-06 16:00:00,17.6,,18.0,,,,3,34,53,141,755,0
1577,2024-03-06 17:00:00,16.7,,13.0,,,,2,33,55,129,755,0
1578,2024-03-06 18:00:00,20.6,,27.0,,,,2,31,57,120,755,0
1579,2024-03-06 19:00:00,25.4,,10.0,,,,2,30,63,118,756,0
1580,2024-03-06 20:00:00,24.6,,1.0,,,,1,30,68,107,756,0
1581,2024-03-06 21:00:00,19.5,,9.0,,,,1,29,69,103,757,0
1582,2024-03-06 22:00:00,20.1,,2.0,,,,1,29,74,94,757,0
1583,2024-03-06 23:00:00,16.7,,1.0,,,,1,28,76,93,758,0
1584,2024-03-07 00:00:00,21.8,,0.0,,,,0,28,80,104,757,0
1585,2024-03-07 01:00:00,21.4,,,,,,1,27,82,103,756,0
1586,2024-03-07 02:00:00,17.0,,3.0,,,,1,27,84,100,756,0
1587,2024-03-07 03:00:00,28.3,,3.0,,,,1,26,86,104,756,0
1588,2024-03-07 04:00:00,21.4,,8.0,,,,1,26,86,97,755,0
1589,2024-03-07 05:00:00,17.2,,7.0,,,,1,26,86,102,755,0
1590,2024-03-07 06:00:00,13.7,,2.0,,,,0,26,88,104,756,0
1591,2024-03-07 07:00:00,31.1,,1.0,,,,1,26,85,95,757,0
1592,2024-03-07 08:00:00,33.2,,5.0,,,,1,29,74,99,757,0
1593,2024-03-07 09:00:00,32.1,,6.0,,,,1,31,65,116,758,0
1594,2024-03-07 10:00:00,28.2,,12.0,,,,2,32,58,116,758,0
1595,2024-03-07 11:00:00,28.8,,3.0,,,,2,34,49,120,757,0
1596,2024-03-07 12:00:00,21.4,,16.0,,,,3,35,44,130,756,0
1597,2024-03-07 13:00:00,22.3,,15.0,,,,3,36,42,140,756,0
1598,2024-03-07 14:00:00,18.7,,8.0,,,,3,36,39,145,755,0
1599,2024-03-07 15:00:00,22.1,,8.0,,,,2,35,42,142,755,0
1600,2024-03-07 16:00:00,19.2,,10.0,,,,2,34,44,139,754,0
1601,2024-03-07 17:00:00,18.0,,14.0,,,,1,32,54,142,755,0
1602,2024-03-07 18:00:00,15.8,,24.0,,,,1,30,60,140,755,0
1603,2024-03-07 19:00:00,16.4,,11.0,,,,1,30,64,109,756,0
1604,2024-03-07 20:00:00,23.3,,7.0,,,,1,30,67,106,756,0
1605,2024-03-07 21:00:00,20.2,,1.0,,,,1,29,69,104,757,0
1606,2024-03-07 22:00:00,29.2,,2.0,,,,1,29,74,95,757,0
1607,2024-03-07 23:00:00,21.9,,0.0,,,,1,28,74,100,757,0
1608,2024-03-08 00:00:00,25.3,,5.0,,,,1,28,77,91,757,0
1609,2024-03-08 01:00:00,44.5,,3.0,,,,1,27,79,94,757,0
1610,2024-03-08 02:00:00,29.9,,,,,,1,27,81,98,756,0
1611,2024-03-08 03:00:00,26.4,,3.0,,,,0,27,80,104,756,0
1612,2024-03-08 04:00:00,28.1,,1.0,,,,1,26,82,97,756,0
1613,2024-03-08 05:00:00,21.6,,3.0,,,,1,26,85,94,756,0
1614,2024-03-08 06:00:00,24.7,,3.0,,,,1,26,86,92,757,0
1615,2024-03-08 07:00:00,34.8,,0.0,,,,0,26,80,100,757,0
1616,2024-03-08 08:00:00,38.0,,2.0,,,,1,29,68,106,758,0
1617,2024-03-08 09:00:00,33.4,,1.0,,,,1,31,52,110,758,0
1618,2024-03-08 10:00:00,17.1,,0.0,,,,1,32,50,111,758,0
1619,2024-03-08 11:00:00,20.1,,1.0,,,,2,33,49,126,758,0
1620,2024-03-08 12:00:00,19.5,,8.0,,,,1,33,49,134,758,0
1621,2024-03-08 13:00:00,13.9,,9.0,,,,1,33,49,140,757,0
1622,2024-03-08 14:00:00,15.4,,7.0,,,,2,32,51,145,756,0
1623,2024-03-08 15:00:00,11.5,,3.0,,,,1,32,52,140,756,0
1624,2024-03-08 16:00:00,11.8,,23.0,,,,2,31,60,131,756,0
1625,2024-03-08 17:00:00,11.1,,22.0,,,,1,30,66,123,756,0
1626,2024-03-08 18:00:00,13.5,,19.0,,,,1,29,69,119,756,0
1627,2024-03-08 19:00:00,18.1,,6.0,,,,1,29,69,112,757,0
1628,2024-03-08 20:00:00,20.3,,2.0,,,,1,29,69,114,757,0
1629,2024-03-08 21:00:00,23.6,,8.0,,,,1,29,69,130,758,0
1630,2024-03-08 22:00:00,22.0,,1.0,,,,1,29,72,131,758,0
1631,2024-03-08 23:00:00,20.0,,0.0,,,,1,28,73,104,758,0
1632,2024-03-09 00:00:00,23.1,,2.0,,,,1,28,73,101,758,0
1633,2024-03-09 01:00:00,24.2,,18.0,,,,1,27,75,105,758,0
1634,2024-03-09 02:00:00,22.7,,10.0,,,,1,27,76,106,757,0
1635,2024-03-09 03:00:00,20.8,,,,,,1,27,78,107,757,0
1636,2024-03-09 04:00:00,18.1,,16.0,,,,1,26,82,107,757,0
1637,2024-03-09 05:00:00,21.4,,13.0,,,,0,26,85,104,757,0
1638,2024-03-09 06:00:00,27.2,,10.0,,,,1,26,85,106,757,0
1639,2024-03-09 07:00:00,32.0,,3.0,,,,1,26,85,107,758,0
1640,2024-03-09 08:00:00,40.0,,0.0,,,,1,29,74,108,758,0
1641,2024-03-09 09:00:00,27.6,,6.0,,,,1,30,69,121,759,0
1642,2024-03-09 10:00:00,18.5,,2.0,,,,1,28,80,193,759,2
1643,2024-03-09 11:00:00,14.5,,0.0,,,,1,27,78,149,759,0
1644,2024-03-09 12:00:00,11.2,,2.0,,,,1,29,72,106,758,0
1645,2024-03-09 13:00:00,9.8,,2.0,,,,1,31,63,82,757,0
1646,2024-03-09 14:00:00,8.4,,1.0,,,,1,30,65,118,757,0
1647,2024-03-09 15:00:00,8.9,,4.0,,,,1,30,65,136,757,0
1648,2024-03-09 16:00:00,7.3,,18.0,,,,1,30,65,139,756,0
1649,2024-03-09 17:00:00,6.1,,18.0,,,,1,30,68,123,756,0
1650,2024-03-09 18:00:00,7.6,,14.0,,,,1,29,74,130,757,0
1651,2024-03-09 19:00:00,10.5,,2.0,,,,1,28,76,130,758,0
1652,2024-03-09 20:00:00,16.3,,3.0,,,,1,28,77,130,758,0
1653,2024-03-09 21:00:00,15.1,,11.0,,,,1,28,78,111,759,0
1654,2024-03-09 22:00:00,14.9,,0.0,,,,1,28,77,118,759,0
1655,2024-03-09 23:00:00,12.7,,0.0,,,,1,28,76,105,759,0
1656,2024-03-10 00:00:00,11.8,,0.0,,,,1,28,78,108,759,1
1657,2024-03-10 01:00:00,11.5,,5.0,,,,1,27,84,107,759,0
1658,2024-03-10 02:00:00,16.2,,1.0,,,,1,27,82,105,758,0
1659,2024-03-10 03:00:00,10.2,,0.0,,,,1,27,79,107,758,0
1660,2024-03-10 04:00:00,9.9,,,,,,1,27,78,106,758,0
1661,2024-03-10 05:00:00,11.8,,17.0,,,,1,27,78,105,758,0
1662,2024-03-10 06:00:00,17.7,,15.0,,,,1,27,79,105,759,0
1663,2024-03-10 07:00:00,24.3,,0.0,,,,1,28,77,109,759,0
1664,2024-03-10 08:00:00,27.1,,4.0,,,,1,29,72,120,760,0
1665,2024-03-10 09:00:00,31.3,,14.0,,,,1,30,65,117,760,0
1666,2024-03-10 10:00:00,29.0,,3.0,,,,1,32,57,128,760,0
1667,2024-03-10 11:00:00,28.2,,1.0,,,,1,32,51,143,760,0
1668,2024-03-10 12:00:00,28.4,,1.0,,,,1,33,45,152,759,0
1669,2024-03-10 13:00:00,27.2,,14.0,,,,1,33,44,176,758,0
1670,2024-03-10 14:00:00,28.7,,9.0,,,,1,33,46,171,758,0
1671,2024-03-10 15:00:00,25.9,,17.0,,,,1,32,47,214,758,0
1672,2024-03-10 16:00:00,25.3,,30.0,,,,1,31,53,194,758,0
1673,2024-03-10 17:00:00,23.9,,28.0,,,,1,30,57,214,758,0
1674,2024-03-10 18:00:00,24.1,,27.0,,,,1,29,63,202,758,0
1675,2024-03-10 19:00:00,28.6,,4.0,,,,1,29,64,138,759,0
1676,2024-03-10 20:00:00,29.8,,10.0,,,,1,29,67,122,760,0
1677,2024-03-10 21:00:00,26.4,,3.0,,,,1,28,67,111,760,0
1678,2024-03-10 22:00:00,26.0,,2.0,,,,1,28,67,103,761,0
1679,2024-03-10 23:00:00,27.8,,0.0,,,,1,28,71,100,761,0
1680,2024-03-11 00:00:00,27.2,,2.0,,,,1,28,72,96,760,0
1681,2024-03-11 01:00:00,26.7,,1.0,,,,1,28,71,95,760,0
1682,2024-03-11 02:00:00,32.6,,2.0,,,,1,28,72,100,760,0
1683,2024-03-11 03:00:00,26.2,,10.0,,,,1,27,74,95,760,0
1684,2024-03-11 04:00:00,20.3,,25.0,,,,1,27,75,98,760,0
1685,2024-03-11 05:00:00,17.7,,,,,,1,27,74,96,760,0
1686,2024-03-11 06:00:00,25.8,,22.0,,,,1,26,75,93,760,0
1687,2024-03-11 07:00:00,31.7,,4.0,,,,1,27,71,95,760,0
1688,2024-03-11 08:00:00,30.7,,3.0,,,,1,29,61,116,761,0
1689,2024-03-11 09:00:00,26.5,,15.0,,,,1,31,55,151,761,0
1690,2024-03-11 10:00:00,27.6,,4.0,,,,1,32,48,147,761,0
1691,2024-03-11 11:00:00,26.8,,3.0,,,,1,33,42,144,761,0
1692,2024-03-11 12:00:00,27.6,,15.0,,,,1,34,39,169,760,0
1693,2024-03-11 13:00:00,23.6,,0.0,,,,1,33,41,175,759,0
1694,2024-03-11 14:00:00,22.0,,32.0,,,,1,34,43,160,758,0
1695,2024-03-11 15:00:00,21.9,,4.0,,,,1,33,44,155,758,0
1696,2024-03-11 16:00:00,22.8,,22.0,,,,1,32,46,185,758,0
1697,2024-03-11 17:00:00,20.1,,26.0,,,,1,31,54,185,758,0
1698,2024-03-11 18:00:00,18.6,,23.0,,,,1,30,61,125,758,0
1699,2024-03-11 19:00:00,20.5,,7.0,,,,1,29,65,112,759,0
1700,2024-03-11 20:00:00,,,9.0,,,,1,28,67,111,759,0
1701,2024-03-11 21:00:00,,,22.0,,,,1,28,68,121,760,0
