,Unnamed: 0,DATETIMEDATA,PM25,WS,TEMP,RH,WD
0,0,2024-01-01 00:00:00,16.5,1,27,79,115
1,1,2024-01-01 01:00:00,33.6,1,27,82,97
2,2,2024-01-01 02:00:00,34.2,1,26,84,96
3,3,2024-01-01 03:00:00,20.1,1,26,82,108
4,4,2024-01-01 04:00:00,16.5,1,27,79,106
5,5,2024-01-01 05:00:00,15.4,1,26,82,108
6,6,2024-01-01 06:00:00,15.7,1,26,82,109
7,7,2024-01-01 07:00:00,18.1,1,27,79,114
8,8,2024-01-01 08:00:00,19.5,1,28,72,110
9,9,2024-01-01 09:00:00,17.5,1,29,68,120
10,10,2024-01-01 10:00:00,16.4,1,30,65,151
11,11,2024-01-01 11:00:00,15.8,1,31,60,177
12,12,2024-01-01 12:00:00,16.7,1,32,57,174
13,13,2024-01-01 13:00:00,14.8,1,32,53,157
14,14,2024-01-01 14:00:00,13.4,1,32,50,144
15,15,2024-01-01 15:00:00,10.4,1,32,52,151
16,16,2024-01-01 16:00:00,11.4,1,31,56,146
17,17,2024-01-01 17:00:00,12.7,2,30,62,128
18,18,2024-01-01 18:00:00,13.9,1,29,71,148
19,19,2024-01-01 19:00:00,14.5,1,28,75,149
20,20,2024-01-01 20:00:00,13.1,1,28,76,121
21,21,2024-01-01 21:00:00,15.2,1,28,76,116
22,22,2024-01-01 22:00:00,16.9,1,28,78,116
23,23,2024-01-01 23:00:00,15.2,1,28,79,117
24,24,2024-01-02 00:00:00,12.4,2,27,79,120
25,25,2024-01-02 01:00:00,11.8,1,27,80,114
26,26,2024-01-02 02:00:00,12.5,0,26,85,106
27,27,2024-01-02 03:00:00,13.5,0,26,89,105
28,28,2024-01-02 04:00:00,14.9,1,25,91,107
29,29,2024-01-02 05:00:00,12.6,0,25,93,103
30,30,2024-01-02 06:00:00,15.2,0,25,92,105
31,31,2024-01-02 07:00:00,19.3,1,26,88,106
32,32,2024-01-02 08:00:00,18.7,1,29,72,118
33,33,2024-01-02 09:00:00,17.2,2,30,66,129
34,34,2024-01-02 10:00:00,11.7,1,31,59,132
35,35,2024-01-02 11:00:00,12.5,1,31,55,193
36,36,2024-01-02 12:00:00,11.3,1,32,55,146
37,37,2024-01-02 13:00:00,11.1,1,32,53,203
38,38,2024-01-02 14:00:00,12.0,1,32,54,173
39,39,2024-01-02 15:00:00,9.9,1,31,56,178
40,40,2024-01-02 16:00:00,9.3,1,31,57,171
41,41,2024-01-02 17:00:00,9.9,1,29,65,180
42,42,2024-01-02 18:00:00,10.8,1,28,71,138
43,43,2024-01-02 19:00:00,16.5,1,28,73,134
44,44,2024-01-02 20:00:00,13.1,1,28,74,126
45,45,2024-01-02 21:00:00,15.3,1,28,76,111
46,46,2024-01-02 22:00:00,14.3,1,27,77,111
47,47,2024-01-02 23:00:00,12.6,1,27,77,113
48,48,2024-01-03 00:00:00,9.9,1,27,80,109
49,49,2024-01-03 01:00:00,10.8,0,26,83,105
50,50,2024-01-03 02:00:00,14.8,0,26,84,106
51,51,2024-01-03 03:00:00,13.1,0,26,86,106
52,52,2024-01-03 04:00:00,21.1,0,25,90,108
53,53,2024-01-03 05:00:00,13.6,1,25,92,106
54,54,2024-01-03 06:00:00,14.5,1,25,91,106
55,55,2024-01-03 07:00:00,17.0,1,26,87,106
56,56,2024-01-03 08:00:00,21.3,1,29,74,116
57,57,2024-01-03 09:00:00,17.4,1,30,67,123
58,58,2024-01-03 10:00:00,18.2,1,31,59,148
59,59,2024-01-03 11:00:00,19.2,1,31,58,168
60,60,2024-01-03 12:00:00,11.4,1,32,55,193
61,61,2024-01-03 13:00:00,15.1,1,32,52,204
62,62,2024-01-03 14:00:00,14.8,1,32,53,168
63,63,2024-01-03 15:00:00,15.2,1,32,56,156
64,64,2024-01-03 16:00:00,16.6,1,31,59,153
65,65,2024-01-03 17:00:00,16.7,1,30,65,160
66,66,2024-01-03 18:00:00,15.6,1,29,71,190
67,67,2024-01-03 19:00:00,20.4,1,28,73,150
68,68,2024-01-03 20:00:00,15.4,1,28,74,170
69,69,2024-01-03 21:00:00,14.0,1,28,74,128
70,70,2024-01-03 22:00:00,13.6,1,28,75,128
71,71,2024-01-03 23:00:00,11.8,1,28,76,118
72,72,2024-01-04 00:00:00,11.1,1,27,78,107
73,73,2024-01-04 01:00:00,11.8,1,27,79,108
74,74,2024-01-04 02:00:00,12.8,1,26,83,103
75,75,2024-01-04 03:00:00,15.3,0,26,84,104
76,76,2024-01-04 04:00:00,12.9,1,26,86,105
77,77,2024-01-04 05:00:00,17.0,1,26,87,104
78,78,2024-01-04 06:00:00,15.1,1,26,85,106
79,79,2024-01-04 07:00:00,15.7,1,27,79,117
80,80,2024-01-04 08:00:00,16.4,1,29,73,118
81,81,2024-01-04 09:00:00,21.5,1,30,65,137
82,82,2024-01-04 10:00:00,20.5,1,32,58,106
83,83,2024-01-04 11:00:00,16.4,1,32,53,155
84,84,2024-01-04 12:00:00,14.5,1,33,51,116
85,85,2024-01-04 13:00:00,15.4,1,33,48,135
86,86,2024-01-04 14:00:00,13.4,1,33,50,175
87,87,2024-01-04 15:00:00,17.1,1,32,56,154
88,88,2024-01-04 16:00:00,14.6,1,32,58,142
89,89,2024-01-04 17:00:00,19.7,1,30,64,129
90,90,2024-01-04 18:00:00,19.7,1,29,68,124
91,91,2024-01-04 19:00:00,20.9,1,28,74,138
92,92,2024-01-04 20:00:00,21.1,1,28,73,153
93,93,2024-01-04 21:00:00,23.1,1,28,74,125
94,94,2024-01-04 22:00:00,27.6,1,28,74,123
95,95,2024-01-04 23:00:00,19.9,1,27,74,111
96,96,2024-01-05 00:00:00,17.5,1,27,73,123
97,97,2024-01-05 01:00:00,18.4,1,27,74,97
98,98,2024-01-05 02:00:00,17.0,1,26,77,94
99,99,2024-01-05 03:00:00,17.4,1,26,76,98
100,100,2024-01-05 04:00:00,18.9,1,26,75,99
101,101,2024-01-05 05:00:00,14.6,1,26,77,109
102,102,2024-01-05 06:00:00,13.8,1,26,75,110
103,103,2024-01-05 07:00:00,19.9,1,27,74,107
104,104,2024-01-05 08:00:00,20.1,1,28,69,90
105,105,2024-01-05 09:00:00,19.0,1,30,66,114
106,106,2024-01-05 10:00:00,18.5,1,30,63,148
107,107,2024-01-05 11:00:00,21.3,1,31,56,214
108,108,2024-01-05 12:00:00,17.6,1,31,56,232
109,109,2024-01-05 13:00:00,15.3,1,32,49,190
110,110,2024-01-05 14:00:00,12.4,1,31,53,175
111,111,2024-01-05 15:00:00,13.1,1,31,55,201
112,112,2024-01-05 16:00:00,11.6,1,30,58,177
113,113,2024-01-05 17:00:00,18.0,1,29,65,152
114,114,2024-01-05 18:00:00,19.2,1,28,70,173
115,115,2024-01-05 19:00:00,19.4,1,28,70,151
116,116,2024-01-05 20:00:00,22.4,1,28,70,123
117,117,2024-01-05 21:00:00,20.4,1,28,71,104
118,118,2024-01-05 22:00:00,21.6,1,27,72,99
119,119,2024-01-05 23:00:00,17.1,1,27,74,114
120,120,2024-01-06 00:00:00,18.6,1,27,77,111
121,121,2024-01-06 01:00:00,19.9,1,27,78,115
122,122,2024-01-06 02:00:00,20.1,1,27,78,114
123,123,2024-01-06 03:00:00,22.7,1,27,78,113
124,124,2024-01-06 04:00:00,20.6,1,26,79,108
125,125,2024-01-06 05:00:00,20.6,1,26,83,105
126,126,2024-01-06 06:00:00,20.0,1,26,82,110
127,127,2024-01-06 07:00:00,23.2,1,26,83,111
128,128,2024-01-06 08:00:00,24.0,1,29,70,123
129,129,2024-01-06 09:00:00,23.8,1,29,68,141
130,130,2024-01-06 10:00:00,28.7,1,30,59,171
131,131,2024-01-06 11:00:00,30.5,1,31,57,178
132,132,2024-01-06 12:00:00,20.2,1,31,59,194
133,133,2024-01-06 13:00:00,21.1,1,31,58,180
134,134,2024-01-06 14:00:00,18.8,1,31,58,170
135,135,2024-01-06 15:00:00,22.4,1,31,57,202
136,136,2024-01-06 16:00:00,20.7,1,31,61,168
137,137,2024-01-06 17:00:00,17.8,1,29,65,145
138,138,2024-01-06 18:00:00,16.7,1,29,70,147
139,139,2024-01-06 19:00:00,17.8,1,28,73,148
140,140,2024-01-06 20:00:00,20.7,1,28,75,121
141,141,2024-01-06 21:00:00,15.9,1,28,75,114
142,142,2024-01-06 22:00:00,13.8,1,28,76,111
143,143,2024-01-06 23:00:00,17.2,1,28,81,113
144,144,2024-01-07 00:00:00,19.2,1,27,83,113
145,145,2024-01-07 01:00:00,20.9,1,26,89,127
146,146,2024-01-07 02:00:00,19.3,1,25,93,100
147,147,2024-01-07 03:00:00,13.7,1,25,95,91
148,148,2024-01-07 04:00:00,11.8,1,25,96,92
149,149,2024-01-07 05:00:00,14.1,1,25,97,106
150,150,2024-01-07 06:00:00,13.1,1,25,96,122
151,151,2024-01-07 07:00:00,16.6,1,26,94,120
152,152,2024-01-07 08:00:00,17.2,0,26,93,123
153,153,2024-01-07 09:00:00,18.2,1,27,87,234
154,154,2024-01-07 10:00:00,16.4,1,28,78,231
155,155,2024-01-07 11:00:00,19.1,1,30,69,227
156,156,2024-01-07 12:00:00,16.8,1,30,65,218
157,157,2024-01-07 13:00:00,17.7,2,28,79,228
158,158,2024-01-07 14:00:00,21.3,1,28,78,212
159,159,2024-01-07 15:00:00,19.6,1,30,67,237
160,160,2024-01-07 16:00:00,16.7,1,29,69,230
161,161,2024-01-07 17:00:00,16.3,1,28,72,190
162,162,2024-01-07 18:00:00,15.9,1,28,74,162
163,163,2024-01-07 19:00:00,20.7,1,28,74,163
164,164,2024-01-07 20:00:00,14.0,1,28,75,176
165,165,2024-01-07 21:00:00,13.5,1,28,77,131
166,166,2024-01-07 22:00:00,15.7,1,27,79,116
167,167,2024-01-07 23:00:00,11.9,1,27,82,117
168,168,2024-01-08 00:00:00,13.9,1,27,83,113
169,169,2024-01-08 01:00:00,15.7,1,27,83,103
170,170,2024-01-08 02:00:00,10.3,1,27,84,103
171,171,2024-01-08 03:00:00,16.5,1,27,84,98
172,172,2024-01-08 04:00:00,11.2,1,27,84,106
173,173,2024-01-08 05:00:00,19.4,1,26,86,108
174,174,2024-01-08 06:00:00,14.6,1,27,85,115
175,175,2024-01-08 07:00:00,14.2,1,27,83,113
176,176,2024-01-08 08:00:00,13.1,1,27,85,110
177,177,2024-01-08 09:00:00,16.8,1,28,78,115
178,178,2024-01-08 10:00:00,14.1,1,29,75,155
179,179,2024-01-08 11:00:00,18.0,1,30,68,166
180,180,2024-01-08 12:00:00,16.5,1,30,65,211
181,181,2024-01-08 13:00:00,13.8,1,31,65,201
182,182,2024-01-08 14:00:00,16.2,1,31,62,214
183,183,2024-01-08 15:00:00,16.9,1,31,63,182
184,184,2024-01-08 16:00:00,14.6,1,30,67,190
185,185,2024-01-08 17:00:00,15.5,1,29,72,178
186,186,2024-01-08 18:00:00,16.7,1,28,79,188
187,187,2024-01-08 19:00:00,14.5,1,28,78,173
188,188,2024-01-08 20:00:00,15.2,1,28,78,170
189,189,2024-01-08 21:00:00,13.3,1,28,78,181
190,190,2024-01-08 22:00:00,15.9,1,27,79,133
191,191,2024-01-08 23:00:00,11.2,1,27,80,120
192,192,2024-01-09 00:00:00,13.2,1,27,81,115
193,193,2024-01-09 01:00:00,13.5,1,27,81,106
194,194,2024-01-09 02:00:00,14.9,1,27,82,109
195,195,2024-01-09 03:00:00,13.8,1,27,80,112
196,196,2024-01-09 04:00:00,13.3,1,26,82,110
197,197,2024-01-09 05:00:00,14.9,1,27,82,112
198,198,2024-01-09 06:00:00,11.7,1,26,87,109
199,199,2024-01-09 07:00:00,18.0,1,26,90,111
200,200,2024-01-09 08:00:00,20.4,1,28,79,154
201,201,2024-01-09 09:00:00,12.6,1,29,74,195
202,202,2024-01-09 10:00:00,9.9,1,30,68,134
203,203,2024-01-09 11:00:00,13.9,1,31,63,164
204,204,2024-01-09 12:00:00,19.5,1,31,64,149
205,205,2024-01-09 13:00:00,17.5,1,31,64,198
206,206,2024-01-09 14:00:00,11.7,1,30,65,182
207,207,2024-01-09 15:00:00,12.5,1,31,64,166
208,208,2024-01-09 16:00:00,12.8,2,30,69,133
209,209,2024-01-09 17:00:00,14.7,2,29,71,133
210,210,2024-01-09 18:00:00,15.7,1,29,75,124
211,211,2024-01-09 19:00:00,18.6,1,28,77,120
212,212,2024-01-09 20:00:00,17.8,1,28,80,110
213,213,2024-01-09 21:00:00,13.2,1,28,82,109
214,214,2024-01-09 22:00:00,15.5,1,28,79,129
215,215,2024-01-09 23:00:00,11.0,2,28,78,128
216,216,2024-01-10 00:00:00,20.3,1,28,79,122
217,217,2024-01-10 01:00:00,13.7,1,27,79,123
218,218,2024-01-10 02:00:00,15.7,1,27,80,116
219,219,2024-01-10 03:00:00,12.4,1,27,84,109
220,220,2024-01-10 04:00:00,13.9,1,26,87,107
221,221,2024-01-10 05:00:00,13.7,1,26,89,107
222,222,2024-01-10 06:00:00,16.8,1,26,90,106
223,223,2024-01-10 07:00:00,21.0,1,27,84,114
224,224,2024-01-10 08:00:00,19.0,1,28,78,123
225,225,2024-01-10 09:00:00,13.9,1,29,71,131
226,226,2024-01-10 10:00:00,16.6,1,31,63,162
227,227,2024-01-10 11:00:00,10.5,1,31,60,143
228,228,2024-01-10 12:00:00,12.5,1,32,57,168
229,229,2024-01-10 13:00:00,10.8,1,32,54,171
230,230,2024-01-10 14:00:00,13.2,1,32,55,163
231,231,2024-01-10 15:00:00,10.9,1,32,57,170
232,232,2024-01-10 16:00:00,8.9,1,31,61,163
233,233,2024-01-10 17:00:00,9.1,1,29,68,188
234,234,2024-01-10 18:00:00,15.8,1,28,73,190
235,235,2024-01-10 19:00:00,16.7,1,28,75,190
236,236,2024-01-10 20:00:00,16.0,1,28,76,163
237,237,2024-01-10 21:00:00,12.4,1,28,76,129
238,238,2024-01-10 22:00:00,17.5,1,28,77,134
239,239,2024-01-10 23:00:00,15.6,1,28,78,119
240,240,2024-01-11 00:00:00,16.0,1,27,79,118
241,241,2024-01-11 01:00:00,12.2,1,27,80,110
242,242,2024-01-11 02:00:00,13.7,1,27,81,105
243,243,2024-01-11 03:00:00,11.1,1,27,83,102
244,244,2024-01-11 04:00:00,13.2,1,26,86,99
245,245,2024-01-11 05:00:00,15.9,1,26,87,102
246,246,2024-01-11 06:00:00,18.1,0,26,86,104
247,247,2024-01-11 07:00:00,16.7,1,27,85,107
248,248,2024-01-11 08:00:00,25.5,1,29,73,114
249,249,2024-01-11 09:00:00,16.8,1,30,62,146
250,250,2024-01-11 10:00:00,13.8,1,31,58,141
251,251,2024-01-11 11:00:00,11.9,1,32,56,150
252,252,2024-01-11 12:00:00,17.0,1,32,54,143
253,253,2024-01-11 13:00:00,17.0,1,32,53,138
254,254,2024-01-11 14:00:00,13.2,1,32,54,166
255,255,2024-01-11 15:00:00,11.1,1,31,59,204
256,256,2024-01-11 16:00:00,9.7,1,30,63,199
257,257,2024-01-11 17:00:00,14.8,1,29,69,139
258,258,2024-01-11 18:00:00,20.0,1,28,72,145
259,259,2024-01-11 19:00:00,18.3,1,28,74,171
260,260,2024-01-11 20:00:00,16.7,1,28,74,137
261,261,2024-01-11 21:00:00,13.6,1,28,74,134
262,262,2024-01-11 22:00:00,14.9,1,28,75,131
263,263,2024-01-11 23:00:00,13.1,1,27,78,101
264,264,2024-01-12 00:00:00,13.5,0,27,79,106
265,265,2024-01-12 01:00:00,20.2,1,27,79,97
266,266,2024-01-12 02:00:00,14.7,0,26,83,106
267,267,2024-01-12 03:00:00,13.0,0,26,86,110
268,268,2024-01-12 04:00:00,13.7,0,25,87,106
269,269,2024-01-12 05:00:00,16.9,0,25,89,106
270,270,2024-01-12 06:00:00,27.1,0,25,90,109
271,271,2024-01-12 07:00:00,30.5,0,25,88,109
272,272,2024-01-12 08:00:00,22.6,1,28,75,122
273,273,2024-01-12 09:00:00,18.3,1,29,65,160
274,274,2024-01-12 10:00:00,12.5,0,31,57,138
275,275,2024-01-12 11:00:00,13.9,1,31,57,141
276,276,2024-01-12 12:00:00,14.5,1,32,54,174
277,277,2024-01-12 13:00:00,15.7,0,32,51,137
278,278,2024-01-12 14:00:00,18.4,1,32,51,143
279,279,2024-01-12 15:00:00,16.5,1,31,55,165
280,280,2024-01-12 16:00:00,18.9,1,30,61,141
281,281,2024-01-12 17:00:00,15.8,1,29,66,141
282,282,2024-01-12 18:00:00,22.6,1,28,70,142
283,283,2024-01-12 19:00:00,26.8,1,28,73,145
284,284,2024-01-12 20:00:00,23.4,1,28,74,119
285,285,2024-01-12 21:00:00,23.8,1,27,74,115
286,286,2024-01-12 22:00:00,22.1,1,27,75,103
287,287,2024-01-12 23:00:00,24.5,1,27,76,96
288,288,2024-01-13 00:00:00,21.0,0,27,77,101
289,289,2024-01-13 01:00:00,19.9,1,26,78,98
290,290,2024-01-13 02:00:00,20.1,1,26,80,96
291,291,2024-01-13 03:00:00,17.0,1,26,80,99
292,292,2024-01-13 04:00:00,19.3,1,26,79,96
293,293,2024-01-13 05:00:00,15.8,1,26,80,96
294,294,2024-01-13 06:00:00,16.9,1,26,78,98
295,295,2024-01-13 07:00:00,16.9,1,26,77,95
296,296,2024-01-13 08:00:00,21.5,1,28,68,116
297,297,2024-01-13 09:00:00,15.5,1,29,63,115
298,298,2024-01-13 10:00:00,19.2,1,30,56,112
299,299,2024-01-13 11:00:00,25.4,1,31,50,144
300,300,2024-01-13 12:00:00,23.4,0,32,47,170
301,301,2024-01-13 13:00:00,21.9,0,32,48,168
302,302,2024-01-13 14:00:00,15.9,1,32,50,156
303,303,2024-01-13 15:00:00,17.7,1,31,55,146
304,304,2024-01-13 16:00:00,22.6,1,31,54,142
305,305,2024-01-13 17:00:00,22.1,1,30,60,144
306,306,2024-01-13 18:00:00,21.2,1,28,67,121
307,307,2024-01-13 19:00:00,24.7,1,28,71,115
308,308,2024-01-13 20:00:00,24.3,1,27,74,113
309,309,2024-01-13 21:00:00,24.8,1,27,75,109
310,310,2024-01-13 22:00:00,27.4,1,27,75,111
311,311,2024-01-13 23:00:00,23.7,1,26,78,108
312,312,2024-01-14 00:00:00,28.3,1,26,79,109
313,313,2024-01-14 01:00:00,23.5,1,26,82,107
314,314,2024-01-14 02:00:00,22.1,0,25,85,107
315,315,2024-01-14 03:00:00,22.7,0,25,85,110
316,316,2024-01-14 04:00:00,28.4,0,25,86,106
317,317,2024-01-14 05:00:00,31.4,0,25,85,106
318,318,2024-01-14 06:00:00,21.4,0,25,86,105
319,319,2024-01-14 07:00:00,29.5,1,26,78,112
320,320,2024-01-14 08:00:00,19.5,1,28,70,129
321,321,2024-01-14 09:00:00,22.3,1,29,65,114
322,322,2024-01-14 10:00:00,21.2,1,30,60,129
323,323,2024-01-14 11:00:00,25.6,1,31,52,140
324,324,2024-01-14 12:00:00,27.9,1,32,48,158
325,325,2024-01-14 13:00:00,24.6,1,31,52,167
326,326,2024-01-14 14:00:00,20.1,1,31,52,191
327,327,2024-01-14 15:00:00,18.0,1,31,51,158
328,328,2024-01-14 16:00:00,18.0,1,30,56,183
329,329,2024-01-14 17:00:00,19.2,1,29,60,153
330,330,2024-01-14 18:00:00,20.1,1,28,63,135
331,331,2024-01-14 19:00:00,22.7,1,27,68,114
332,332,2024-01-14 20:00:00,31.5,1,27,69,118
333,333,2024-01-14 21:00:00,22.8,1,27,70,117
334,334,2024-01-14 22:00:00,19.7,1,27,71,116
335,335,2024-01-14 23:00:00,13.9,1,27,71,117
336,336,2024-01-15 00:00:00,13.7,2,27,74,119
337,337,2024-01-15 01:00:00,15.9,1,27,75,113
338,338,2024-01-15 02:00:00,14.1,1,26,78,106
339,339,2024-01-15 03:00:00,12.7,1,26,79,116
340,340,2024-01-15 04:00:00,13.7,1,27,75,117
341,341,2024-01-15 05:00:00,24.9,1,27,76,117
342,342,2024-01-15 06:00:00,21.3,1,27,78,109
343,343,2024-01-15 07:00:00,18.8,1,27,75,118
344,344,2024-01-15 08:00:00,18.2,1,28,70,114
345,345,2024-01-15 09:00:00,13.6,1,30,62,142
346,346,2024-01-15 10:00:00,15.7,1,30,59,207
347,347,2024-01-15 11:00:00,19.3,1,31,55,219
348,348,2024-01-15 12:00:00,18.5,0,32,54,197
349,349,2024-01-15 13:00:00,14.9,1,32,49,166
350,350,2024-01-15 14:00:00,12.1,1,32,51,172
351,351,2024-01-15 15:00:00,16.8,1,32,50,154
352,352,2024-01-15 16:00:00,16.2,1,31,54,189
353,353,2024-01-15 17:00:00,15.5,1,30,60,143
354,354,2024-01-15 18:00:00,16.2,1,28,68,138
355,355,2024-01-15 19:00:00,11.7,1,28,72,130
356,356,2024-01-15 20:00:00,17.7,1,28,73,133
357,357,2024-01-15 21:00:00,15.1,1,28,73,134
358,358,2024-01-15 22:00:00,20.2,1,28,73,142
359,359,2024-01-15 23:00:00,18.3,1,28,73,123
360,360,2024-01-16 00:00:00,20.1,1,27,77,109
361,361,2024-01-16 01:00:00,19.8,1,26,82,106
362,362,2024-01-16 02:00:00,17.2,1,26,85,107
363,363,2024-01-16 03:00:00,16.1,1,26,88,105
364,364,2024-01-16 04:00:00,19.9,1,26,89,104
365,365,2024-01-16 05:00:00,22.5,1,26,90,104
366,366,2024-01-16 06:00:00,24.7,1,26,87,103
367,367,2024-01-16 07:00:00,19.8,1,26,89,107
368,368,2024-01-16 08:00:00,24.9,1,28,74,140
369,369,2024-01-16 09:00:00,14.0,1,30,68,169
370,370,2024-01-16 10:00:00,27.3,1,30,62,208
371,371,2024-01-16 11:00:00,19.9,1,31,60,216
372,372,2024-01-16 12:00:00,15.4,1,32,58,218
373,373,2024-01-16 13:00:00,12.4,1,32,55,178
374,374,2024-01-16 14:00:00,10.2,1,31,57,148
375,375,2024-01-16 15:00:00,9.1,1,31,61,199
376,376,2024-01-16 16:00:00,11.2,1,30,63,172
377,377,2024-01-16 17:00:00,17.3,1,29,67,152
378,378,2024-01-16 18:00:00,17.9,1,29,71,132
379,379,2024-01-16 19:00:00,19.4,1,28,73,137
380,380,2024-01-16 20:00:00,23.9,1,28,74,121
381,381,2024-01-16 21:00:00,26.9,1,28,75,123
382,382,2024-01-16 22:00:00,23.9,1,28,79,130
383,383,2024-01-16 23:00:00,23.3,1,27,79,127
384,384,2024-01-17 00:00:00,25.9,1,28,76,162
385,385,2024-01-17 01:00:00,23.6,1,27,73,146
386,386,2024-01-17 02:00:00,13.7,1,27,73,134
387,387,2024-01-17 03:00:00,10.7,1,27,73,145
388,388,2024-01-17 04:00:00,12.8,1,27,72,129
389,389,2024-01-17 05:00:00,19.0,1,27,74,108
390,390,2024-01-17 06:00:00,15.6,1,27,79,132
391,391,2024-01-17 07:00:00,12.6,1,27,75,164
392,392,2024-01-17 08:00:00,13.9,1,28,70,176
393,393,2024-01-17 09:00:00,16.4,1,29,69,167
394,394,2024-01-17 10:00:00,16.0,1,30,61,177
395,395,2024-01-17 11:00:00,17.9,1,31,58,190
396,396,2024-01-17 12:00:00,17.7,1,31,57,187
397,397,2024-01-17 13:00:00,11.0,1,32,54,182
398,398,2024-01-17 14:00:00,13.7,1,32,53,192
399,399,2024-01-17 15:00:00,15.5,0,31,56,223
400,400,2024-01-17 16:00:00,19.3,1,30,58,181
401,401,2024-01-17 17:00:00,18.5,1,29,62,158
402,402,2024-01-17 18:00:00,18.7,1,28,69,158
403,403,2024-01-17 19:00:00,20.3,1,28,72,159
404,404,2024-01-17 20:00:00,14.2,1,28,73,143
405,405,2024-01-17 21:00:00,14.7,1,28,70,182
406,406,2024-01-17 22:00:00,16.6,1,28,70,183
407,407,2024-01-17 23:00:00,15.4,1,27,71,145
408,408,2024-01-18 00:00:00,13.9,1,27,72,126
409,409,2024-01-18 01:00:00,11.6,1,27,73,117
410,410,2024-01-18 02:00:00,9.9,1,27,75,119
411,411,2024-01-18 03:00:00,10.7,1,27,75,129
412,412,2024-01-18 04:00:00,14.4,1,27,75,137
413,413,2024-01-18 05:00:00,22.5,1,27,76,141
414,414,2024-01-18 06:00:00,16.2,1,27,77,156
415,415,2024-01-18 07:00:00,12.9,1,27,74,197
416,416,2024-01-18 08:00:00,17.3,0,0,0,0
417,417,2024-01-18 09:00:00,16.7,0,0,0,0
418,418,2024-01-18 10:00:00,14.3,0,0,0,0
419,419,2024-01-18 11:00:00,13.7,0,0,0,0
420,420,2024-01-18 12:00:00,13.7,0,0,0,0
421,421,2024-01-18 13:00:00,13.6,0,0,0,0
422,422,2024-01-18 14:00:00,15.9,0,0,0,0
423,423,2024-01-18 15:00:00,15.7,0,0,0,0
424,424,2024-01-18 16:00:00,17.4,0,0,0,0
425,425,2024-01-18 17:00:00,20.5,0,0,0,0
426,426,2024-01-18 18:00:00,16.4,0,0,0,0
427,427,2024-01-18 19:00:00,18.4,0,0,0,0
428,428,2024-01-18 20:00:00,18.2,0,0,0,0
429,429,2024-01-18 21:00:00,18.2,0,0,0,0
430,430,2024-01-18 22:00:00,18.4,0,0,0,0
431,431,2024-01-18 23:00:00,9.6,0,0,0,0
432,432,2024-01-19 00:00:00,15.5,0,0,0,0
433,433,2024-01-19 01:00:00,15.5,0,0,0,0
434,434,2024-01-19 02:00:00,11.2,0,0,0,0
435,435,2024-01-19 03:00:00,13.8,0,0,0,0
436,436,2024-01-19 04:00:00,17.6,0,0,0,0
437,437,2024-01-19 05:00:00,25.0,0,0,0,0
438,438,2024-01-19 06:00:00,25.0,0,0,0,0
439,439,2024-01-19 07:00:00,18.2,0,0,0,0
440,440,2024-01-19 08:00:00,17.3,0,0,0,0
441,441,2024-01-19 09:00:00,17.5,0,0,0,0
442,442,2024-01-19 10:00:00,21.7,0,0,0,0
443,443,2024-01-19 11:00:00,17.6,0,0,0,0
444,444,2024-01-19 12:00:00,14.3,1,31,56,182
445,445,2024-01-19 13:00:00,13.6,1,32,55,176
446,446,2024-01-19 14:00:00,10.2,1,32,52,161
447,447,2024-01-19 15:00:00,17.7,1,32,54,172
448,448,2024-01-19 16:00:00,16.5,1,30,60,209
449,449,2024-01-19 17:00:00,15.7,0,0,0,0
450,450,2024-01-19 18:00:00,20.5,0,0,0,0
451,451,2024-01-19 19:00:00,18.7,0,0,0,0
452,452,2024-01-19 20:00:00,19.2,0,0,0,0
453,453,2024-01-19 21:00:00,20.1,0,0,0,0
454,454,2024-01-19 22:00:00,20.9,0,0,0,0
455,455,2024-01-19 23:00:00,17.3,0,0,0,0
456,456,2024-01-20 00:00:00,18.9,0,0,0,0
457,457,2024-01-20 01:00:00,11.8,0,0,0,0
458,458,2024-01-20 02:00:00,11.6,0,0,0,0
459,459,2024-01-20 03:00:00,12.9,0,0,0,0
460,460,2024-01-20 04:00:00,26.9,0,0,0,0
461,461,2024-01-20 05:00:00,29.1,0,0,0,0
462,462,2024-01-20 06:00:00,28.0,0,0,0,0
463,463,2024-01-20 07:00:00,31.5,0,0,0,0
464,464,2024-01-20 08:00:00,34.4,0,0,0,0
465,465,2024-01-20 09:00:00,22.9,0,0,0,0
466,466,2024-01-20 10:00:00,21.7,0,0,0,0
467,467,2024-01-20 11:00:00,17.1,0,0,0,0
468,468,2024-01-20 12:00:00,16.3,0,0,0,0
469,469,2024-01-20 13:00:00,13.6,0,0,0,0
470,470,2024-01-20 14:00:00,15.7,0,0,0,0
471,471,2024-01-20 15:00:00,22.4,0,0,0,0
472,472,2024-01-20 16:00:00,20.0,0,0,0,0
473,473,2024-01-20 17:00:00,22.7,0,0,0,0
474,474,2024-01-20 18:00:00,25.4,0,0,0,0
475,475,2024-01-20 19:00:00,23.8,0,0,0,0
476,476,2024-01-20 20:00:00,28.3,0,0,0,0
477,477,2024-01-20 21:00:00,33.9,0,0,0,0
478,478,2024-01-20 22:00:00,25.8,0,0,0,0
479,479,2024-01-20 23:00:00,25.7,0,0,0,0
480,480,2024-01-21 00:00:00,24.1,0,0,0,0
481,481,2024-01-21 01:00:00,19.8,0,0,0,0
482,482,2024-01-21 02:00:00,20.2,0,0,0,0
483,483,2024-01-21 03:00:00,26.8,0,0,0,0
484,484,2024-01-21 04:00:00,31.7,0,0,0,0
485,485,2024-01-21 05:00:00,36.8,0,0,0,0
486,486,2024-01-21 06:00:00,35.1,0,0,0,0
487,487,2024-01-21 07:00:00,34.3,0,0,0,0
488,488,2024-01-21 08:00:00,38.4,0,0,0,0
489,489,2024-01-21 09:00:00,33.2,0,0,0,0
490,490,2024-01-21 10:00:00,18.0,0,0,0,0
491,491,2024-01-21 11:00:00,25.6,0,0,0,0
492,492,2024-01-21 12:00:00,23.6,0,0,0,0
493,493,2024-01-21 13:00:00,14.1,0,0,0,0
494,494,2024-01-21 14:00:00,24.3,0,0,0,0
495,495,2024-01-21 15:00:00,23.1,0,0,0,0
496,496,2024-01-21 16:00:00,27.8,0,0,0,0
497,497,2024-01-21 17:00:00,22.9,0,0,0,0
498,498,2024-01-21 18:00:00,26.3,0,0,0,0
499,499,2024-01-21 19:00:00,21.5,0,0,0,0
500,500,2024-01-21 20:00:00,20.4,0,0,0,0
501,501,2024-01-21 21:00:00,25.1,0,0,0,0
502,502,2024-01-21 22:00:00,26.4,0,0,0,0
503,503,2024-01-21 23:00:00,25.1,0,0,0,0
504,504,2024-01-22 00:00:00,21.3,0,0,0,0
505,505,2024-01-22 01:00:00,20.4,0,0,0,0
506,506,2024-01-22 02:00:00,23.0,0,0,0,0
507,507,2024-01-22 03:00:00,28.7,0,0,0,0
508,508,2024-01-22 04:00:00,28.9,0,0,0,0
509,509,2024-01-22 05:00:00,23.0,0,0,0,0
510,510,2024-01-22 06:00:00,21.2,0,0,0,0
511,511,2024-01-22 07:00:00,22.8,1,26,85,104
512,512,2024-01-22 08:00:00,22.0,1,28,77,98
513,513,2024-01-22 09:00:00,28.1,1,28,75,93
514,514,2024-01-22 10:00:00,22.5,1,29,73,115
515,515,2024-01-22 11:00:00,21.9,1,26,84,92
516,516,2024-01-22 12:00:00,13.5,1,28,75,92
517,517,2024-01-22 13:00:00,12.3,1,29,69,107
518,518,2024-01-22 14:00:00,10.8,1,30,65,128
519,519,2024-01-22 15:00:00,7.9,1,30,64,140
520,520,2024-01-22 16:00:00,8.1,1,29,67,132
521,521,2024-01-22 17:00:00,9.5,1,29,70,124
522,522,2024-01-22 18:00:00,11.3,1,28,71,119
523,523,2024-01-22 19:00:00,9.3,1,27,78,110
524,524,2024-01-22 20:00:00,8.1,1,27,81,110
525,525,2024-01-22 21:00:00,9.9,1,26,84,109
526,526,2024-01-22 22:00:00,12.3,2,26,86,115
527,527,2024-01-22 23:00:00,16.4,1,25,87,111
528,528,2024-01-23 00:00:00,9.8,1,25,92,109
529,529,2024-01-23 01:00:00,12.2,1,25,93,109
530,530,2024-01-23 02:00:00,13.2,1,25,93,105
531,531,2024-01-23 03:00:00,9.7,1,25,93,126
532,532,2024-01-23 04:00:00,12.0,1,24,90,120
533,533,2024-01-23 05:00:00,10.9,1,23,80,119
534,534,2024-01-23 06:00:00,11.4,0,23,84,106
535,535,2024-01-23 07:00:00,10.2,1,25,81,95
536,536,2024-01-23 08:00:00,7.3,1,28,65,93
537,537,2024-01-23 09:00:00,7.2,1,29,61,125
538,538,2024-01-23 10:00:00,6.9,1,30,61,99
539,539,2024-01-23 11:00:00,9.5,1,30,59,126
540,540,2024-01-23 12:00:00,12.4,1,30,62,113
541,541,2024-01-23 13:00:00,14.4,1,30,63,111
542,542,2024-01-23 14:00:00,13.0,1,30,64,150
543,543,2024-01-23 15:00:00,16.4,1,30,61,133
544,544,2024-01-23 16:00:00,7.6,1,29,63,147
545,545,2024-01-23 17:00:00,14.8,1,29,69,123
546,546,2024-01-23 18:00:00,12.3,1,28,74,123
547,547,2024-01-23 19:00:00,14.2,1,28,77,108
548,548,2024-01-23 20:00:00,13.5,1,28,73,135
549,549,2024-01-23 21:00:00,17.6,0,0,0,0
550,550,2024-01-23 22:00:00,16.1,1,27,77,119
551,551,2024-01-23 23:00:00,11.3,1,27,78,117
552,552,2024-01-24 00:00:00,12.7,1,27,79,95
553,553,2024-01-24 01:00:00,10.2,1,27,79,102
554,554,2024-01-24 02:00:00,13.9,1,27,80,101
555,555,2024-01-24 03:00:00,15.9,1,27,81,95
556,556,2024-01-24 04:00:00,13.6,1,27,81,106
557,557,2024-01-24 05:00:00,13.7,1,27,82,111
558,558,2024-01-24 06:00:00,14.4,1,27,82,115
559,559,2024-01-24 07:00:00,13.5,1,27,82,114
560,560,2024-01-24 08:00:00,15.4,1,27,79,111
561,561,2024-01-24 09:00:00,14.3,1,28,76,109
562,562,2024-01-24 10:00:00,14.2,1,30,68,111
563,563,2024-01-24 11:00:00,13.6,1,30,64,150
564,564,2024-01-24 12:00:00,12.8,1,30,60,134
565,565,2024-01-24 13:00:00,18.3,1,30,63,151
566,566,2024-01-24 14:00:00,15.8,1,28,80,123
567,567,2024-01-24 15:00:00,15.5,1,29,73,128
568,568,2024-01-24 16:00:00,16.7,1,28,74,154
569,569,2024-01-24 17:00:00,15.5,1,27,79,119
570,570,2024-01-24 18:00:00,14.3,1,27,79,126
571,571,2024-01-24 19:00:00,14.7,1,27,80,126
572,572,2024-01-24 20:00:00,15.0,1,27,81,136
573,573,2024-01-24 21:00:00,15.7,1,27,83,127
574,574,2024-01-24 22:00:00,10.9,1,26,85,128
575,575,2024-01-24 23:00:00,8.4,1,26,87,130
576,576,2024-01-25 00:00:00,9.3,1,26,86,114
577,577,2024-01-25 01:00:00,11.2,1,26,84,120
578,578,2024-01-25 02:00:00,19.2,1,26,84,132
579,579,2024-01-25 03:00:00,13.0,1,26,85,115
580,580,2024-01-25 04:00:00,12.3,1,26,85,165
581,581,2024-01-25 05:00:00,12.3,1,26,85,129
582,582,2024-01-25 06:00:00,13.5,1,26,86,163
583,583,2024-01-25 07:00:00,11.8,1,26,87,191
584,584,2024-01-25 08:00:00,7.5,1,25,89,173
585,585,2024-01-25 09:00:00,10.0,1,26,90,189
586,586,2024-01-25 10:00:00,10.1,1,27,87,214
587,587,2024-01-25 11:00:00,9.4,1,28,80,171
588,588,2024-01-25 12:00:00,8.4,1,28,79,192
589,589,2024-01-25 13:00:00,16.2,1,28,80,155
590,590,2024-01-25 14:00:00,17.7,1,27,81,234
591,591,2024-01-25 15:00:00,20.6,1,28,75,220
592,592,2024-01-25 16:00:00,14.9,1,27,79,172
593,593,2024-01-25 17:00:00,12.4,1,27,78,169
594,594,2024-01-25 18:00:00,9.6,1,27,82,195
595,595,2024-01-25 19:00:00,8.9,0,27,79,168
596,596,2024-01-25 20:00:00,18.2,1,26,83,171
597,597,2024-01-25 21:00:00,17.2,1,26,82,183
598,598,2024-01-25 22:00:00,15.8,1,27,80,136
599,599,2024-01-25 23:00:00,14.0,1,27,76,197
600,600,2024-01-26 00:00:00,16.2,1,27,75,137
601,601,2024-01-26 01:00:00,14.0,1,27,75,156
602,602,2024-01-26 02:00:00,10.2,1,27,78,152
603,603,2024-01-26 03:00:00,12.5,1,26,86,136
604,604,2024-01-26 04:00:00,9.9,1,26,83,169
605,605,2024-01-26 05:00:00,7.7,0,26,80,150
606,606,2024-01-26 06:00:00,12.6,1,27,79,108
607,607,2024-01-26 07:00:00,13.5,1,27,78,101
608,608,2024-01-26 08:00:00,9.0,1,28,73,91
609,609,2024-01-26 09:00:00,15.8,0,29,70,188
610,610,2024-01-26 10:00:00,20.3,1,30,67,225
611,611,2024-01-26 11:00:00,14.9,1,31,62,216
612,612,2024-01-26 12:00:00,15.5,1,31,61,232
613,613,2024-01-26 13:00:00,17.4,1,30,65,223
614,614,2024-01-26 14:00:00,17.7,1,30,66,206
615,615,2024-01-26 15:00:00,17.9,1,29,69,222
616,616,2024-01-26 16:00:00,20.1,2,28,77,234
617,617,2024-01-26 17:00:00,16.1,1,27,80,208
618,618,2024-01-26 18:00:00,15.7,1,27,79,180
619,619,2024-01-26 19:00:00,17.0,1,27,78,193
620,620,2024-01-26 20:00:00,22.6,1,27,77,191
621,621,2024-01-26 21:00:00,24.2,1,27,76,179
622,622,2024-01-26 22:00:00,23.3,1,27,77,172
623,623,2024-01-26 23:00:00,16.9,1,27,77,184
624,624,2024-01-27 00:00:00,22.9,1,27,77,157
625,625,2024-01-27 01:00:00,19.5,1,27,78,156
626,626,2024-01-27 02:00:00,14.9,1,27,77,127
627,627,2024-01-27 03:00:00,17.8,1,26,78,124
628,628,2024-01-27 04:00:00,15.1,1,26,79,111
629,629,2024-01-27 05:00:00,19.1,1,26,80,107
630,630,2024-01-27 06:00:00,20.3,1,26,80,113
631,631,2024-01-27 07:00:00,18.5,0,27,77,123
632,632,2024-01-27 08:00:00,14.4,1,28,68,150
633,633,2024-01-27 09:00:00,14.5,1,29,63,201
634,634,2024-01-27 10:00:00,18.8,0,29,65,190
635,635,2024-01-27 11:00:00,13.8,1,31,56,233
636,636,2024-01-27 12:00:00,14.0,1,31,59,191
637,637,2024-01-27 13:00:00,18.4,0,31,58,159
638,638,2024-01-27 14:00:00,21.1,0,30,63,173
639,639,2024-01-27 15:00:00,20.2,1,30,65,176
640,640,2024-01-27 16:00:00,16.1,1,29,65,192
641,641,2024-01-27 17:00:00,14.3,1,28,72,207
642,642,2024-01-27 18:00:00,15.5,1,27,74,227
643,643,2024-01-27 19:00:00,12.1,1,27,75,201
644,644,2024-01-27 20:00:00,13.3,1,27,77,182
645,645,2024-01-27 21:00:00,16.7,1,27,76,173
646,646,2024-01-27 22:00:00,17.0,1,27,75,172
647,647,2024-01-27 23:00:00,13.1,1,27,76,122
648,648,2024-01-28 00:00:00,11.8,1,26,78,108
649,649,2024-01-28 01:00:00,14.4,1,26,78,110
650,650,2024-01-28 02:00:00,24.2,1,26,78,102
651,651,2024-01-28 03:00:00,21.0,1,26,78,111
652,652,2024-01-28 04:00:00,18.0,0,26,78,141
653,653,2024-01-28 05:00:00,13.6,1,26,78,134
654,654,2024-01-28 06:00:00,17.6,1,26,76,119
655,655,2024-01-28 07:00:00,12.2,1,26,74,104
656,656,2024-01-28 08:00:00,13.9,1,28,70,106
657,657,2024-01-28 09:00:00,22.1,0,29,66,192
658,658,2024-01-28 10:00:00,17.3,1,29,64,191
659,659,2024-01-28 11:00:00,13.8,0,30,60,232
660,660,2024-01-28 12:00:00,12.4,1,31,57,199
661,661,2024-01-28 13:00:00,18.5,1,31,57,210
662,662,2024-01-28 14:00:00,14.6,1,31,58,210
663,663,2024-01-28 15:00:00,13.1,1,31,57,165
664,664,2024-01-28 16:00:00,18.8,1,30,60,198
665,665,2024-01-28 17:00:00,18.9,0,29,66,205
666,666,2024-01-28 18:00:00,20.8,1,28,70,219
667,667,2024-01-28 19:00:00,20.9,1,27,73,188
668,668,2024-01-28 20:00:00,21.6,1,27,74,155
669,669,2024-01-28 21:00:00,18.3,1,27,75,170
670,670,2024-01-28 22:00:00,21.6,1,27,74,145
671,671,2024-01-28 23:00:00,14.2,1,27,74,120
672,672,2024-01-29 00:00:00,10.8,1,27,75,114
673,673,2024-01-29 01:00:00,12.1,1,26,77,109
674,674,2024-01-29 02:00:00,21.6,1,26,77,106
675,675,2024-01-29 03:00:00,20.0,1,26,77,107
676,676,2024-01-29 04:00:00,19.7,1,26,77,119
677,677,2024-01-29 05:00:00,15.6,1,25,83,131
678,678,2024-01-29 06:00:00,16.2,1,25,87,113
679,679,2024-01-29 07:00:00,10.5,1,26,82,128
680,680,2024-01-29 08:00:00,15.8,1,27,77,116
681,681,2024-01-29 09:00:00,12.1,1,28,72,193
682,682,2024-01-29 10:00:00,14.7,1,30,65,218
683,683,2024-01-29 11:00:00,16.2,0,30,61,227
684,684,2024-01-29 12:00:00,16.9,1,31,59,202
685,685,2024-01-29 13:00:00,15.6,0,31,56,205
686,686,2024-01-29 14:00:00,19.6,1,31,55,202
687,687,2024-01-29 15:00:00,21.4,1,31,57,194
688,688,2024-01-29 16:00:00,16.1,1,30,58,188
689,689,2024-01-29 17:00:00,25.1,1,29,61,142
690,690,2024-01-29 18:00:00,20.1,1,28,70,152
691,691,2024-01-29 19:00:00,18.0,1,27,73,202
692,692,2024-01-29 20:00:00,20.3,1,27,73,149
693,693,2024-01-29 21:00:00,23.5,1,27,73,134
694,694,2024-01-29 22:00:00,17.9,1,27,74,123
695,695,2024-01-29 23:00:00,10.5,1,27,79,127
696,696,2024-01-30 00:00:00,12.2,1,26,82,172
697,697,2024-01-30 01:00:00,11.8,1,26,80,175
698,698,2024-01-30 02:00:00,18.0,1,25,85,134
699,699,2024-01-30 03:00:00,9.6,1,25,82,167
700,700,2024-01-30 04:00:00,12.5,1,26,81,103
701,701,2024-01-30 05:00:00,12.5,1,26,82,108
702,702,2024-01-30 06:00:00,10.4,1,26,83,121
703,703,2024-01-30 07:00:00,18.7,1,26,81,125
704,704,2024-01-30 08:00:00,17.5,1,28,74,120
705,705,2024-01-30 09:00:00,17.2,1,29,67,167
706,706,2024-01-30 10:00:00,12.7,0,30,60,148
707,707,2024-01-30 11:00:00,14.9,0,31,56,193
708,708,2024-01-30 12:00:00,15.3,1,32,52,198
709,709,2024-01-30 13:00:00,18.9,1,32,52,166
710,710,2024-01-30 14:00:00,15.8,1,32,50,188
711,711,2024-01-30 15:00:00,17.4,1,32,52,184
712,712,2024-01-30 16:00:00,16.3,1,31,55,139
713,713,2024-01-30 17:00:00,21.5,1,29,61,130
714,714,2024-01-30 18:00:00,16.4,1,28,67,131
715,715,2024-01-30 19:00:00,24.0,1,28,71,120
716,716,2024-01-30 20:00:00,21.0,1,27,72,120
717,717,2024-01-30 21:00:00,22.1,1,27,73,121
718,718,2024-01-30 22:00:00,14.7,1,27,75,117
719,719,2024-01-30 23:00:00,14.3,1,27,76,118
720,720,2024-01-31 00:00:00,18.0,0,26,78,113
721,721,2024-01-31 01:00:00,18.7,0,26,79,107
722,722,2024-01-31 02:00:00,23.7,1,26,78,108
723,723,2024-01-31 03:00:00,17.1,1,26,79,114
724,724,2024-01-31 04:00:00,14.8,1,26,82,112
725,725,2024-01-31 05:00:00,19.8,0,26,85,108
726,726,2024-01-31 06:00:00,15.8,0,25,88,107
727,727,2024-01-31 07:00:00,21.7,0,26,86,108
728,728,2024-01-31 08:00:00,21.2,1,28,75,110
729,729,2024-01-31 09:00:00,16.1,1,29,68,127
730,730,2024-01-31 10:00:00,15.0,1,30,59,164
731,731,2024-01-31 11:00:00,13.3,1,31,58,164
732,732,2024-01-31 12:00:00,14.0,1,31,55,189
733,733,2024-01-31 13:00:00,17.4,1,31,54,184
734,734,2024-01-31 14:00:00,16.3,1,31,54,161
735,735,2024-01-31 15:00:00,12.9,1,31,54,180
736,736,2024-01-31 16:00:00,8.2,1,31,56,153
737,737,2024-01-31 17:00:00,12.6,1,29,65,153
738,738,2024-01-31 18:00:00,14.5,1,28,71,150
739,739,2024-01-31 19:00:00,14.7,1,28,75,117
740,740,2024-01-31 20:00:00,20.0,1,27,76,119
741,741,2024-01-31 21:00:00,18.7,1,27,77,118
742,742,2024-01-31 22:00:00,16.7,1,27,81,108
743,743,2024-01-31 23:00:00,24.3,1,26,81,111
744,744,2024-02-01 00:00:00,19.6,0,26,82,110
745,745,2024-02-01 01:00:00,19.2,0,26,85,108
746,746,2024-02-01 02:00:00,19.0,0,26,86,106
747,747,2024-02-01 03:00:00,17.8,0,25,88,111
748,748,2024-02-01 04:00:00,13.8,0,25,89,116
749,749,2024-02-01 05:00:00,19.7,0,25,89,114
750,750,2024-02-01 06:00:00,18.0,0,25,89,105
751,751,2024-02-01 07:00:00,23.9,0,26,85,105
752,752,2024-02-01 08:00:00,29.9,1,28,78,111
753,753,2024-02-01 09:00:00,23.5,1,29,70,121
754,754,2024-02-01 10:00:00,19.5,1,30,61,142
755,755,2024-02-01 11:00:00,17.8,1,31,57,171
756,756,2024-02-01 12:00:00,18.9,1,32,53,160
757,757,2024-02-01 13:00:00,17.5,1,32,52,171
758,758,2024-02-01 14:00:00,17.9,1,32,51,164
759,759,2024-02-01 15:00:00,16.7,1,31,52,167
760,760,2024-02-01 16:00:00,13.1,1,31,54,166
761,761,2024-02-01 17:00:00,17.8,1,29,62,135
762,762,2024-02-01 18:00:00,13.0,1,28,68,126
763,763,2024-02-01 19:00:00,22.5,1,28,73,117
764,764,2024-02-01 20:00:00,21.9,1,27,75,113
765,765,2024-02-01 21:00:00,22.3,1,27,77,111
766,766,2024-02-01 22:00:00,20.7,1,27,80,113
767,767,2024-02-01 23:00:00,25.6,1,26,83,109
768,768,2024-02-02 00:00:00,30.9,0,26,84,109
769,769,2024-02-02 01:00:00,25.9,0,26,86,108
770,770,2024-02-02 02:00:00,27.4,0,25,86,107
771,771,2024-02-02 03:00:00,18.4,0,25,89,105
772,772,2024-02-02 04:00:00,25.1,0,25,89,105
773,773,2024-02-02 05:00:00,29.3,0,24,91,103
774,774,2024-02-02 06:00:00,30.1,0,24,91,104
775,775,2024-02-02 07:00:00,29.6,0,25,90,105
776,776,2024-02-02 08:00:00,32.4,0,27,81,109
777,777,2024-02-02 09:00:00,31.8,1,29,68,113
778,778,2024-02-02 10:00:00,19.3,1,31,59,127
779,779,2024-02-02 11:00:00,15.8,1,32,54,169
780,780,2024-02-02 12:00:00,18.4,1,32,52,191
781,781,2024-02-02 13:00:00,16.5,1,32,52,172
782,782,2024-02-02 14:00:00,15.0,1,32,50,141
783,783,2024-02-02 15:00:00,13.6,1,32,52,168
784,784,2024-02-02 16:00:00,14.4,1,31,57,153
785,785,2024-02-02 17:00:00,10.7,1,30,64,158
786,786,2024-02-02 18:00:00,11.9,1,29,70,116
787,787,2024-02-02 19:00:00,16.7,1,28,74,122
788,788,2024-02-02 20:00:00,16.7,1,27,77,116
789,789,2024-02-02 21:00:00,23.6,1,27,79,116
790,790,2024-02-02 22:00:00,17.3,1,27,80,110
791,791,2024-02-02 23:00:00,19.4,0,27,81,110
792,792,2024-02-03 00:00:00,17.2,0,26,82,109
793,793,2024-02-03 01:00:00,18.6,0,26,84,108
794,794,2024-02-03 02:00:00,22.2,0,26,85,107
795,795,2024-02-03 03:00:00,21.9,1,26,80,117
796,796,2024-02-03 04:00:00,17.3,1,26,79,116
797,797,2024-02-03 05:00:00,16.1,1,26,78,114
798,798,2024-02-03 06:00:00,14.6,0,25,87,107
799,799,2024-02-03 07:00:00,25.8,0,26,87,108
800,800,2024-02-03 08:00:00,33.8,1,28,74,111
801,801,2024-02-03 09:00:00,20.5,1,29,66,124
802,802,2024-02-03 10:00:00,12.5,1,30,61,134
803,803,2024-02-03 11:00:00,18.8,1,32,55,138
804,804,2024-02-03 12:00:00,12.9,1,32,52,164
805,805,2024-02-03 13:00:00,11.3,1,32,51,148
806,806,2024-02-03 14:00:00,12.0,1,33,50,149
807,807,2024-02-03 15:00:00,19.2,1,32,52,167
808,808,2024-02-03 16:00:00,14.1,1,31,57,186
809,809,2024-02-03 17:00:00,11.9,1,30,65,188
810,810,2024-02-03 18:00:00,13.1,1,28,70,182
811,811,2024-02-03 19:00:00,20.9,1,28,72,140
812,812,2024-02-03 20:00:00,20.2,1,28,74,119
813,813,2024-02-03 21:00:00,16.8,1,27,76,112
814,814,2024-02-03 22:00:00,15.5,1,27,77,111
815,815,2024-02-03 23:00:00,10.5,0,27,78,107
816,816,2024-02-04 00:00:00,12.7,0,27,79,108
817,817,2024-02-04 01:00:00,13.0,0,27,80,106
818,818,2024-02-04 02:00:00,9.9,0,27,78,100
819,819,2024-02-04 03:00:00,13.2,0,26,81,96
820,820,2024-02-04 04:00:00,14.2,0,26,84,100
821,821,2024-02-04 05:00:00,15.7,0,25,89,107
822,822,2024-02-04 06:00:00,23.3,0,25,89,103
823,823,2024-02-04 07:00:00,24.0,0,25,87,107
824,824,2024-02-04 08:00:00,29.4,1,28,73,110
825,825,2024-02-04 09:00:00,19.3,1,30,63,95
826,826,2024-02-04 10:00:00,16.4,1,31,58,109
827,827,2024-02-04 11:00:00,17.4,1,33,54,121
828,828,2024-02-04 12:00:00,17.2,2,33,52,122
829,829,2024-02-04 13:00:00,15.4,2,33,54,137
830,830,2024-02-04 14:00:00,17.6,3,33,55,140
831,831,2024-02-04 15:00:00,20.5,3,32,55,145
832,832,2024-02-04 16:00:00,20.7,2,31,57,140
833,833,2024-02-04 17:00:00,25.7,2,30,63,138
834,834,2024-02-04 18:00:00,21.7,1,29,68,128
835,835,2024-02-04 19:00:00,22.7,1,28,72,128
836,836,2024-02-04 20:00:00,26.5,1,28,75,112
837,837,2024-02-04 21:00:00,22.9,1,27,78,111
838,838,2024-02-04 22:00:00,29.1,0,27,78,107
839,839,2024-02-04 23:00:00,27.4,0,27,77,108
840,840,2024-02-05 00:00:00,22.2,0,27,79,106
841,841,2024-02-05 01:00:00,28.9,0,26,84,102
842,842,2024-02-05 02:00:00,36.0,0,26,85,99
843,843,2024-02-05 03:00:00,31.0,0,25,86,102
844,844,2024-02-05 04:00:00,27.9,0,25,88,100
845,845,2024-02-05 05:00:00,31.2,0,25,89,102
846,846,2024-02-05 06:00:00,30.2,0,25,89,101
847,847,2024-02-05 07:00:00,33.8,0,25,89,113
848,848,2024-02-05 08:00:00,39.3,1,27,81,106
849,849,2024-02-05 09:00:00,43.4,1,29,72,116
850,850,2024-02-05 10:00:00,26.9,1,30,62,124
851,851,2024-02-05 11:00:00,25.3,2,32,59,124
852,852,2024-02-05 12:00:00,26.8,2,33,53,130
853,853,2024-02-05 13:00:00,22.0,1,33,49,139
854,854,2024-02-05 14:00:00,21.4,1,33,47,159
855,855,2024-02-05 15:00:00,24.6,1,33,49,147
856,856,2024-02-05 16:00:00,22.5,1,32,53,134
857,857,2024-02-05 17:00:00,25.3,1,31,58,149
858,858,2024-02-05 18:00:00,15.0,1,29,63,123
859,859,2024-02-05 19:00:00,19.5,1,28,71,113
860,860,2024-02-05 20:00:00,17.4,1,28,74,109
861,861,2024-02-05 21:00:00,16.3,1,28,76,112
862,862,2024-02-05 22:00:00,16.0,0,27,78,111
863,863,2024-02-05 23:00:00,17.4,1,27,78,114
864,864,2024-02-06 00:00:00,18.0,1,27,76,119
865,865,2024-02-06 01:00:00,18.0,0,27,77,103
866,866,2024-02-06 02:00:00,19.8,0,26,83,101
867,867,2024-02-06 03:00:00,23.1,0,26,85,103
868,868,2024-02-06 04:00:00,20.7,0,25,87,104
869,869,2024-02-06 05:00:00,24.0,0,25,89,106
870,870,2024-02-06 06:00:00,23.4,0,25,89,106
871,871,2024-02-06 07:00:00,26.3,0,25,89,107
872,872,2024-02-06 08:00:00,31.0,1,26,85,111
873,873,2024-02-06 09:00:00,32.9,2,28,77,120
874,874,2024-02-06 10:00:00,26.2,2,30,68,126
875,875,2024-02-06 11:00:00,20.3,2,31,63,126
876,876,2024-02-06 12:00:00,19.5,2,32,55,131
877,877,2024-02-06 13:00:00,13.5,1,33,50,159
878,878,2024-02-06 14:00:00,12.9,1,33,50,173
879,879,2024-02-06 15:00:00,11.1,1,33,50,148
880,880,2024-02-06 16:00:00,18.0,1,32,53,166
881,881,2024-02-06 17:00:00,18.0,2,31,57,128
882,882,2024-02-06 18:00:00,12.5,1,30,63,125
883,883,2024-02-06 19:00:00,13.9,1,29,71,115
884,884,2024-02-06 20:00:00,20.0,1,28,75,113
885,885,2024-02-06 21:00:00,19.3,1,28,77,111
886,886,2024-02-06 22:00:00,17.7,1,28,79,112
887,887,2024-02-06 23:00:00,18.8,0,28,80,107
888,888,2024-02-07 00:00:00,17.1,0,28,80,105
889,889,2024-02-07 01:00:00,13.3,1,27,83,105
890,890,2024-02-07 02:00:00,18.8,0,26,86,103
891,891,2024-02-07 03:00:00,22.5,0,26,85,94
892,892,2024-02-07 04:00:00,18.2,1,26,86,95
893,893,2024-02-07 05:00:00,27.0,0,26,88,101
894,894,2024-02-07 06:00:00,31.5,0,25,89,99
895,895,2024-02-07 07:00:00,24.8,0,26,85,100
896,896,2024-02-07 08:00:00,28.4,1,28,74,119
897,897,2024-02-07 09:00:00,22.3,1,30,65,122
898,898,2024-02-07 10:00:00,22.5,1,31,57,120
899,899,2024-02-07 11:00:00,20.3,2,33,49,136
900,900,2024-02-07 12:00:00,16.9,1,33,45,165
901,901,2024-02-07 13:00:00,16.7,1,33,45,160
902,902,2024-02-07 14:00:00,14.9,1,33,44,137
903,903,2024-02-07 15:00:00,20.5,1,33,46,153
904,904,2024-02-07 16:00:00,15.6,1,32,48,175
905,905,2024-02-07 17:00:00,18.5,2,30,58,134
906,906,2024-02-07 18:00:00,20.0,2,29,67,126
907,907,2024-02-07 19:00:00,23.1,1,29,71,115
908,908,2024-02-07 20:00:00,20.3,1,28,71,109
909,909,2024-02-07 21:00:00,21.1,1,28,72,111
910,910,2024-02-07 22:00:00,20.9,1,27,75,111
911,911,2024-02-07 23:00:00,20.4,0,27,77,110
912,912,2024-02-08 00:00:00,20.8,0,27,79,105
913,913,2024-02-08 01:00:00,17.0,0,27,81,100
914,914,2024-02-08 02:00:00,16.2,1,26,82,95
915,915,2024-02-08 03:00:00,25.8,0,26,85,96
916,916,2024-02-08 04:00:00,27.2,0,26,85,94
917,917,2024-02-08 05:00:00,31.1,0,25,86,100
918,918,2024-02-08 06:00:00,29.7,0,25,87,100
919,919,2024-02-08 07:00:00,27.8,1,26,87,107
920,920,2024-02-08 08:00:00,37.5,1,28,75,102
921,921,2024-02-08 09:00:00,34.1,1,30,63,102
922,922,2024-02-08 10:00:00,22.6,1,32,55,118
923,923,2024-02-08 11:00:00,18.8,2,33,52,123
924,924,2024-02-08 12:00:00,15.3,1,34,44,141
925,925,2024-02-08 13:00:00,13.9,1,34,46,163
926,926,2024-02-08 14:00:00,11.4,1,33,46,152
927,927,2024-02-08 15:00:00,14.8,2,33,46,149
928,928,2024-02-08 16:00:00,15.2,2,32,52,137
929,929,2024-02-08 17:00:00,14.1,2,31,59,141
930,930,2024-02-08 18:00:00,18.2,1,29,67,137
931,931,2024-02-08 19:00:00,15.7,1,29,72,119
932,932,2024-02-08 20:00:00,16.4,1,28,74,114
933,933,2024-02-08 21:00:00,18.1,1,28,76,112
934,934,2024-02-08 22:00:00,18.9,1,28,77,109
935,935,2024-02-08 23:00:00,24.4,1,28,77,107
936,936,2024-02-09 00:00:00,20.9,0,27,76,103
937,937,2024-02-09 01:00:00,13.3,0,27,81,101
938,938,2024-02-09 02:00:00,18.8,0,27,83,104
939,939,2024-02-09 03:00:00,18.1,0,27,83,101
940,940,2024-02-09 04:00:00,24.1,0,26,84,103
941,941,2024-02-09 05:00:00,28.6,0,26,87,105
942,942,2024-02-09 06:00:00,31.8,0,26,87,100
943,943,2024-02-09 07:00:00,27.5,0,26,83,103
944,944,2024-02-09 08:00:00,31.5,1,29,72,115
945,945,2024-02-09 09:00:00,20.7,1,30,67,123
946,946,2024-02-09 10:00:00,24.7,1,31,63,133
947,947,2024-02-09 11:00:00,28.8,1,32,56,136
948,948,2024-02-09 12:00:00,27.4,1,33,51,137
949,949,2024-02-09 13:00:00,28.6,1,33,50,170
950,950,2024-02-09 14:00:00,28.5,1,33,50,200
951,951,2024-02-09 15:00:00,28.4,1,33,49,166
952,952,2024-02-09 16:00:00,18.0,1,32,53,154
953,953,2024-02-09 17:00:00,23.8,1,30,56,175
954,954,2024-02-09 18:00:00,18.1,1,29,64,131
955,955,2024-02-09 19:00:00,16.4,1,28,66,203
956,956,2024-02-09 20:00:00,19.2,1,28,67,172
957,957,2024-02-09 21:00:00,16.9,1,28,67,140
958,958,2024-02-09 22:00:00,18.3,1,28,69,119
959,959,2024-02-09 23:00:00,19.4,1,28,70,112
960,960,2024-02-10 00:00:00,16.2,1,27,70,105
961,961,2024-02-10 01:00:00,16.2,1,27,71,101
962,962,2024-02-10 02:00:00,15.1,0,26,73,95
963,963,2024-02-10 03:00:00,18.2,0,26,76,98
964,964,2024-02-10 04:00:00,18.5,0,26,79,97
965,965,2024-02-10 05:00:00,22.3,1,26,76,105
966,966,2024-02-10 06:00:00,21.4,0,25,84,103
967,967,2024-02-10 07:00:00,22.2,1,26,80,107
968,968,2024-02-10 08:00:00,25.1,1,28,70,105
969,969,2024-02-10 09:00:00,21.4,1,29,65,125
970,970,2024-02-10 10:00:00,24.8,1,31,58,159
971,971,2024-02-10 11:00:00,17.7,1,32,55,184
972,972,2024-02-10 12:00:00,15.6,1,32,52,231
973,973,2024-02-10 13:00:00,17.3,1,33,51,216
974,974,2024-02-10 14:00:00,14.9,1,33,50,220
975,975,2024-02-10 15:00:00,15.9,1,33,51,195
976,976,2024-02-10 16:00:00,17.6,1,32,54,203
977,977,2024-02-10 17:00:00,20.9,1,31,57,168
978,978,2024-02-10 18:00:00,17.0,1,29,64,200
979,979,2024-02-10 19:00:00,18.1,1,29,65,159
980,980,2024-02-10 20:00:00,26.2,1,29,65,132
981,981,2024-02-10 21:00:00,25.1,1,28,65,136
982,982,2024-02-10 22:00:00,24.6,1,28,67,106
983,983,2024-02-10 23:00:00,25.0,1,28,69,96
984,984,2024-02-11 00:00:00,22.7,1,28,71,110
985,985,2024-02-11 01:00:00,24.4,1,27,71,107
986,986,2024-02-11 02:00:00,22.5,1,28,68,121
987,987,2024-02-11 03:00:00,21.0,1,27,67,110
988,988,2024-02-11 04:00:00,18.9,1,27,72,92
989,989,2024-02-11 05:00:00,16.2,1,27,71,81
990,990,2024-02-11 06:00:00,15.4,1,27,71,85
991,991,2024-02-11 07:00:00,19.0,1,27,67,86
992,992,2024-02-11 08:00:00,22.2,1,28,64,121
993,993,2024-02-11 09:00:00,21.7,1,29,60,139
994,994,2024-02-11 10:00:00,25.1,0,30,56,222
995,995,2024-02-11 11:00:00,18.2,1,31,53,228
996,996,2024-02-11 12:00:00,18.2,2,32,48,239
997,997,2024-02-11 13:00:00,16.8,2,32,47,245
998,998,2024-02-11 14:00:00,17.7,2,32,46,238
999,999,2024-02-11 15:00:00,19.5,1,32,50,219
1000,1000,2024-02-11 16:00:00,21.5,1,31,52,235
1001,1001,2024-02-11 17:00:00,19.3,1,30,57,218
1002,1002,2024-02-11 18:00:00,17.2,1,29,62,171
1003,1003,2024-02-11 19:00:00,18.8,1,28,63,160
1004,1004,2024-02-11 20:00:00,18.0,1,28,63,141
1005,1005,2024-02-11 21:00:00,18.0,1,28,63,146
1006,1006,2024-02-11 22:00:00,20.2,1,28,64,128
1007,1007,2024-02-11 23:00:00,24.0,1,28,67,110
1008,1008,2024-02-12 00:00:00,20.7,1,27,68,112
1009,1009,2024-02-12 01:00:00,22.2,1,27,70,92
1010,1010,2024-02-12 02:00:00,22.6,1,27,70,88
1011,1011,2024-02-12 03:00:00,21.5,1,27,70,109
1012,1012,2024-02-12 04:00:00,18.7,1,27,71,93
1013,1013,2024-02-12 05:00:00,20.6,1,26,72,106
1014,1014,2024-02-12 06:00:00,21.4,1,26,72,103
1015,1015,2024-02-12 07:00:00,25.9,1,27,70,75
1016,1016,2024-02-12 08:00:00,27.8,1,28,69,101
1017,1017,2024-02-12 09:00:00,24.5,1,29,65,136
1018,1018,2024-02-12 10:00:00,19.3,1,30,56,230
1019,1019,2024-02-12 11:00:00,21.9,1,31,52,225
1020,1020,2024-02-12 12:00:00,22.8,1,32,49,225
1021,1021,2024-02-12 13:00:00,20.8,1,32,47,226
1022,1022,2024-02-12 14:00:00,19.3,2,32,48,241
1023,1023,2024-02-12 15:00:00,19.7,2,31,49,241
1024,1024,2024-02-12 16:00:00,17.1,1,31,52,205
1025,1025,2024-02-12 17:00:00,22.2,1,30,57,230
1026,1026,2024-02-12 18:00:00,20.7,1,28,63,198
1027,1027,2024-02-12 19:00:00,22.2,1,28,65,205
1028,1028,2024-02-12 20:00:00,20.5,1,28,67,193
1029,1029,2024-02-12 21:00:00,20.2,1,28,69,207
1030,1030,2024-02-12 22:00:00,21.1,1,27,70,170
1031,1031,2024-02-12 23:00:00,22.5,2,27,71,211
1032,1032,2024-02-13 00:00:00,25.1,1,27,72,215
1033,1033,2024-02-13 01:00:00,22.3,1,27,70,214
1034,1034,2024-02-13 02:00:00,16.2,1,27,67,201
1035,1035,2024-02-13 03:00:00,19.2,1,27,68,123
1036,1036,2024-02-13 04:00:00,16.5,1,27,73,104
1037,1037,2024-02-13 05:00:00,17.3,1,27,73,115
1038,1038,2024-02-13 06:00:00,20.0,1,26,75,115
1039,1039,2024-02-13 07:00:00,25.8,1,27,75,124
1040,1040,2024-02-13 08:00:00,22.2,1,28,70,105
1041,1041,2024-02-13 09:00:00,22.3,1,29,66,140
1042,1042,2024-02-13 10:00:00,18.0,1,30,60,148
1043,1043,2024-02-13 11:00:00,21.1,1,31,53,176
1044,1044,2024-02-13 12:00:00,21.2,1,32,51,209
1045,1045,2024-02-13 13:00:00,20.2,1,32,52,204
1046,1046,2024-02-13 14:00:00,19.0,1,32,52,196
1047,1047,2024-02-13 15:00:00,15.3,1,31,56,172
1048,1048,2024-02-13 16:00:00,18.0,1,30,58,210
1049,1049,2024-02-13 17:00:00,19.5,1,29,60,175
1050,1050,2024-02-13 18:00:00,20.6,1,29,65,158
1051,1051,2024-02-13 19:00:00,25.6,1,28,69,141
1052,1052,2024-02-13 20:00:00,19.2,1,28,70,131
1053,1053,2024-02-13 21:00:00,18.3,1,28,68,133
1054,1054,2024-02-13 22:00:00,17.2,1,28,70,134
1055,1055,2024-02-13 23:00:00,15.8,1,28,71,125
1056,1056,2024-02-14 00:00:00,18.7,1,28,71,125
1057,1057,2024-02-14 01:00:00,21.5,1,27,77,113
1058,1058,2024-02-14 02:00:00,15.2,1,26,84,116
1059,1059,2024-02-14 03:00:00,13.8,1,27,80,141
1060,1060,2024-02-14 04:00:00,13.3,1,26,83,123
1061,1061,2024-02-14 05:00:00,12.3,1,26,79,179
1062,1062,2024-02-14 06:00:00,15.2,1,26,82,132
1063,1063,2024-02-14 07:00:00,20.8,1,26,85,137
1064,1064,2024-02-14 08:00:00,16.3,1,27,85,131
1065,1065,2024-02-14 09:00:00,19.2,1,28,77,137
1066,1066,2024-02-14 10:00:00,18.3,1,30,66,219
1067,1067,2024-02-14 11:00:00,19.1,1,30,68,207
1068,1068,2024-02-14 12:00:00,17.8,1,32,59,228
1069,1069,2024-02-14 13:00:00,18.2,1,32,59,212
1070,1070,2024-02-14 14:00:00,17.8,1,32,59,189
1071,1071,2024-02-14 15:00:00,23.9,1,31,61,173
1072,1072,2024-02-14 16:00:00,15.6,1,30,63,216
1073,1073,2024-02-14 17:00:00,17.6,1,30,66,194
1074,1074,2024-02-14 18:00:00,19.6,1,29,71,204
1075,1075,2024-02-14 19:00:00,26.3,1,28,73,191
1076,1076,2024-02-14 20:00:00,23.1,1,28,74,187
1077,1077,2024-02-14 21:00:00,21.3,1,28,75,158
1078,1078,2024-02-14 22:00:00,20.9,1,28,74,134
1079,1079,2024-02-14 23:00:00,15.4,1,28,74,104
1080,1080,2024-02-15 00:00:00,15.9,1,27,77,121
1081,1081,2024-02-15 01:00:00,19.9,1,27,78,135
1082,1082,2024-02-15 02:00:00,18.3,1,27,78,157
1083,1083,2024-02-15 03:00:00,10.6,1,27,79,145
1084,1084,2024-02-15 04:00:00,13.3,1,27,80,143
1085,1085,2024-02-15 05:00:00,12.1,1,27,80,143
1086,1086,2024-02-15 06:00:00,18.9,1,27,81,122
1087,1087,2024-02-15 07:00:00,23.3,1,27,79,124
1088,1088,2024-02-15 08:00:00,23.3,1,29,70,148
1089,1089,2024-02-15 09:00:00,13.2,0,31,61,165
1090,1090,2024-02-15 10:00:00,22.4,1,31,57,224
1091,1091,2024-02-15 11:00:00,18.8,1,32,55,229
1092,1092,2024-02-15 12:00:00,18.2,1,32,51,253
1093,1093,2024-02-15 13:00:00,17.8,1,33,50,233
1094,1094,2024-02-15 14:00:00,18.6,1,33,51,217
1095,1095,2024-02-15 15:00:00,13.4,1,32,53,198
1096,1096,2024-02-15 16:00:00,15.8,1,32,56,189
1097,1097,2024-02-15 17:00:00,17.6,1,30,61,198
1098,1098,2024-02-15 18:00:00,16.1,1,29,66,207
1099,1099,2024-02-15 19:00:00,16.9,1,28,70,208
1100,1100,2024-02-15 20:00:00,19.3,1,28,71,202
1101,1101,2024-02-15 21:00:00,13.2,1,28,73,177
1102,1102,2024-02-15 22:00:00,23.3,1,28,73,120
1103,1103,2024-02-15 23:00:00,17.9,1,28,74,120
1104,1104,2024-02-16 00:00:00,22.7,1,28,73,113
1105,1105,2024-02-16 01:00:00,16.9,1,28,74,109
1106,1106,2024-02-16 02:00:00,17.7,1,27,75,115
1107,1107,2024-02-16 03:00:00,12.2,1,27,76,99
1108,1108,2024-02-16 04:00:00,13.9,1,27,78,105
1109,1109,2024-02-16 05:00:00,12.8,1,27,78,115
1110,1110,2024-02-16 06:00:00,19.9,1,27,79,99
1111,1111,2024-02-16 07:00:00,19.9,1,27,76,106
1112,1112,2024-02-16 08:00:00,20.4,1,29,70,108
1113,1113,2024-02-16 09:00:00,16.0,1,30,61,121
1114,1114,2024-02-16 10:00:00,19.2,1,31,54,152
1115,1115,2024-02-16 11:00:00,15.8,1,32,52,188
1116,1116,2024-02-16 12:00:00,16.2,1,32,50,222
1117,1117,2024-02-16 13:00:00,14.4,1,33,47,204
1118,1118,2024-02-16 14:00:00,18.2,1,33,47,147
1119,1119,2024-02-16 15:00:00,9.2,1,33,46,152
1120,1120,2024-02-16 16:00:00,17.1,1,32,52,192
1121,1121,2024-02-16 17:00:00,15.2,1,30,60,148
1122,1122,2024-02-16 18:00:00,20.3,1,29,67,138
1123,1123,2024-02-16 19:00:00,19.1,1,28,71,129
1124,1124,2024-02-16 20:00:00,19.6,1,28,71,124
1125,1125,2024-02-16 21:00:00,14.4,1,28,72,111
1126,1126,2024-02-16 22:00:00,15.4,1,28,73,113
1127,1127,2024-02-16 23:00:00,16.2,1,28,74,110
1128,1128,2024-02-17 00:00:00,17.8,1,27,75,111
1129,1129,2024-02-17 01:00:00,14.5,1,27,75,102
1130,1130,2024-02-17 02:00:00,14.7,1,27,77,95
1131,1131,2024-02-17 03:00:00,16.2,1,27,77,110
1132,1132,2024-02-17 04:00:00,17.1,1,26,78,117
1133,1133,2024-02-17 05:00:00,16.2,1,26,77,117
1134,1134,2024-02-17 06:00:00,21.0,1,26,78,113
1135,1135,2024-02-17 07:00:00,26.1,1,27,77,130
1136,1136,2024-02-17 08:00:00,19.2,1,28,71,115
1137,1137,2024-02-17 09:00:00,17.1,1,29,64,120
1138,1138,2024-02-17 10:00:00,22.4,1,30,57,147
1139,1139,2024-02-17 11:00:00,21.3,1,32,50,151
1140,1140,2024-02-17 12:00:00,23.2,1,32,46,160
1141,1141,2024-02-17 13:00:00,20.8,1,33,40,161
1142,1142,2024-02-17 14:00:00,15.6,1,33,42,159
1143,1143,2024-02-17 15:00:00,18.5,2,32,47,157
1144,1144,2024-02-17 16:00:00,21.0,1,32,50,152
1145,1145,2024-02-17 17:00:00,17.2,1,30,55,155
1146,1146,2024-02-17 18:00:00,15.3,1,29,64,180
1147,1147,2024-02-17 19:00:00,18.5,1,28,68,165
1148,1148,2024-02-17 20:00:00,19.2,1,28,70,137
1149,1149,2024-02-17 21:00:00,15.7,1,28,69,123
1150,1150,2024-02-17 22:00:00,22.6,1,28,69,112
1151,1151,2024-02-17 23:00:00,17.1,1,28,70,106
1152,1152,2024-02-18 00:00:00,17.1,1,27,71,103
1153,1153,2024-02-18 01:00:00,14.6,1,27,72,110
1154,1154,2024-02-18 02:00:00,16.3,1,27,75,107
1155,1155,2024-02-18 03:00:00,16.7,1,27,76,109
1156,1156,2024-02-18 04:00:00,14.6,1,27,75,112
1157,1157,2024-02-18 05:00:00,17.0,0,26,77,107
1158,1158,2024-02-18 06:00:00,23.8,1,26,76,112
1159,1159,2024-02-18 07:00:00,23.6,1,27,75,114
1160,1160,2024-02-18 08:00:00,22.2,1,29,68,120
1161,1161,2024-02-18 09:00:00,18.0,1,30,61,121
1162,1162,2024-02-18 10:00:00,18.0,1,31,57,126
1163,1163,2024-02-18 11:00:00,17.9,1,32,53,159
1164,1164,2024-02-18 12:00:00,18.6,1,32,54,202
1165,1165,2024-02-18 13:00:00,17.3,1,32,55,218
1166,1166,2024-02-18 14:00:00,17.2,1,32,58,199
1167,1167,2024-02-18 15:00:00,14.8,1,31,60,180
1168,1168,2024-02-18 16:00:00,16.0,1,30,65,160
1169,1169,2024-02-18 17:00:00,18.0,1,29,68,131
1170,1170,2024-02-18 18:00:00,21.0,1,29,69,120
1171,1171,2024-02-18 19:00:00,22.7,1,27,81,116
1172,1172,2024-02-18 20:00:00,21.5,1,27,86,111
1173,1173,2024-02-18 21:00:00,27.0,0,27,82,106
1174,1174,2024-02-18 22:00:00,24.7,1,28,78,105
1175,1175,2024-02-18 23:00:00,14.2,1,28,77,107
1176,1176,2024-02-19 00:00:00,14.4,1,28,76,108
1177,1177,2024-02-19 01:00:00,17.5,1,28,76,106
1178,1178,2024-02-19 02:00:00,14.0,0,28,76,104
1179,1179,2024-02-19 03:00:00,13.6,1,28,74,96
1180,1180,2024-02-19 04:00:00,14.4,1,27,78,94
1181,1181,2024-02-19 05:00:00,13.2,1,27,78,102
1182,1182,2024-02-19 06:00:00,13.5,0,27,78,102
1183,1183,2024-02-19 07:00:00,19.7,1,28,76,96
1184,1184,2024-02-19 08:00:00,19.0,1,29,71,112
1185,1185,2024-02-19 09:00:00,10.2,1,31,61,115
1186,1186,2024-02-19 10:00:00,13.5,1,31,57,136
1187,1187,2024-02-19 11:00:00,14.4,1,32,55,147
1188,1188,2024-02-19 12:00:00,14.7,2,32,55,139
1189,1189,2024-02-19 13:00:00,10.6,1,33,52,155
1190,1190,2024-02-19 14:00:00,11.9,1,33,57,169
1191,1191,2024-02-19 15:00:00,9.8,1,31,60,157
1192,1192,2024-02-19 16:00:00,8.5,1,31,60,177
1193,1193,2024-02-19 17:00:00,12.7,1,30,65,144
1194,1194,2024-02-19 18:00:00,14.1,1,29,69,126
1195,1195,2024-02-19 19:00:00,20.0,1,29,74,119
1196,1196,2024-02-19 20:00:00,18.8,1,28,77,110
1197,1197,2024-02-19 21:00:00,19.8,1,28,78,112
1198,1198,2024-02-19 22:00:00,23.5,1,28,78,115
1199,1199,2024-02-19 23:00:00,13.0,1,28,78,117
1200,1200,2024-02-20 00:00:00,11.3,1,28,78,111
1201,1201,2024-02-20 01:00:00,15.2,0,27,83,111
1202,1202,2024-02-20 02:00:00,19.2,0,27,85,107
1203,1203,2024-02-20 03:00:00,11.8,0,27,87,107
1204,1204,2024-02-20 04:00:00,14.3,0,27,87,107
1205,1205,2024-02-20 05:00:00,18.9,0,26,88,106
1206,1206,2024-02-20 06:00:00,26.2,0,26,89,106
1207,1207,2024-02-20 07:00:00,28.9,0,27,85,105
1208,1208,2024-02-20 08:00:00,31.4,1,29,69,112
1209,1209,2024-02-20 09:00:00,19.0,1,31,62,93
1210,1210,2024-02-20 10:00:00,15.7,1,32,56,104
1211,1211,2024-02-20 11:00:00,17.8,1,34,48,127
1212,1212,2024-02-20 12:00:00,14.5,1,34,47,167
1213,1213,2024-02-20 13:00:00,13.5,1,34,48,170
1214,1214,2024-02-20 14:00:00,9.8,1,34,46,151
1215,1215,2024-02-20 15:00:00,10.7,1,33,52,194
1216,1216,2024-02-20 16:00:00,14.7,1,32,59,175
1217,1217,2024-02-20 17:00:00,13.1,1,30,65,140
1218,1218,2024-02-20 18:00:00,19.0,1,29,70,129
1219,1219,2024-02-20 19:00:00,18.3,1,29,72,115
1220,1220,2024-02-20 20:00:00,13.1,2,29,73,116
1221,1221,2024-02-20 21:00:00,10.9,1,28,73,110
1222,1222,2024-02-20 22:00:00,10.3,1,28,75,108
1223,1223,2024-02-20 23:00:00,11.5,1,28,77,108
1224,1224,2024-02-21 00:00:00,12.6,0,28,80,106
1225,1225,2024-02-21 01:00:00,20.4,0,27,82,105
1226,1226,2024-02-21 02:00:00,19.8,0,27,84,105
1227,1227,2024-02-21 03:00:00,12.3,1,27,84,95
1228,1228,2024-02-21 04:00:00,13.9,0,26,87,109
1229,1229,2024-02-21 05:00:00,20.6,0,26,89,109
1230,1230,2024-02-21 06:00:00,25.7,0,26,89,112
1231,1231,2024-02-21 07:00:00,21.8,0,26,87,109
1232,1232,2024-02-21 08:00:00,24.0,1,28,72,108
1233,1233,2024-02-21 09:00:00,17.7,1,30,62,102
1234,1234,2024-02-21 10:00:00,12.8,1,32,54,118
1235,1235,2024-02-21 11:00:00,10.2,1,33,47,130
1236,1236,2024-02-21 12:00:00,9.2,1,34,45,127
1237,1237,2024-02-21 13:00:00,9.5,1,34,44,142
1238,1238,2024-02-21 14:00:00,8.4,2,34,43,147
1239,1239,2024-02-21 15:00:00,13.6,1,34,45,155
1240,1240,2024-02-21 16:00:00,17.9,1,33,52,174
1241,1241,2024-02-21 17:00:00,14.0,2,31,57,151
1242,1242,2024-02-21 18:00:00,16.1,1,30,66,138
1243,1243,2024-02-21 19:00:00,19.4,1,29,71,120
1244,1244,2024-02-21 20:00:00,14.4,1,28,73,116
1245,1245,2024-02-21 21:00:00,18.2,1,28,74,113
1246,1246,2024-02-21 22:00:00,16.4,1,28,75,109
1247,1247,2024-02-21 23:00:00,11.4,1,28,76,107
1248,1248,2024-02-22 00:00:00,17.5,1,28,76,106
1249,1249,2024-02-22 01:00:00,17.0,1,27,78,108
1250,1250,2024-02-22 02:00:00,15.6,0,27,81,106
1251,1251,2024-02-22 03:00:00,13.4,0,26,83,114
1252,1252,2024-02-22 04:00:00,11.8,0,26,86,109
1253,1253,2024-02-22 05:00:00,20.1,1,26,83,101
1254,1254,2024-02-22 06:00:00,20.5,0,26,85,105
1255,1255,2024-02-22 07:00:00,25.9,1,26,84,103
1256,1256,2024-02-22 08:00:00,25.4,1,29,69,118
1257,1257,2024-02-22 09:00:00,15.2,1,31,60,108
1258,1258,2024-02-22 10:00:00,12.9,1,31,56,134
1259,1259,2024-02-22 11:00:00,13.2,1,33,51,136
1260,1260,2024-02-22 12:00:00,10.0,1,33,48,138
1261,1261,2024-02-22 13:00:00,11.2,1,33,46,144
1262,1262,2024-02-22 14:00:00,8.5,1,33,45,170
1263,1263,2024-02-22 15:00:00,8.6,1,33,45,156
1264,1264,2024-02-22 16:00:00,7.9,2,33,49,138
1265,1265,2024-02-22 17:00:00,9.7,1,31,55,156
1266,1266,2024-02-22 18:00:00,10.3,1,29,64,157
1267,1267,2024-02-22 19:00:00,11.2,1,29,68,118
1268,1268,2024-02-22 20:00:00,12.0,2,28,69,118
1269,1269,2024-02-22 21:00:00,12.5,1,28,70,110
1270,1270,2024-02-22 22:00:00,9.8,1,28,72,109
1271,1271,2024-02-22 23:00:00,9.3,1,28,74,107
1272,1272,2024-02-23 00:00:00,10.5,1,27,76,106
1273,1273,2024-02-23 01:00:00,12.6,1,27,79,107
1274,1274,2024-02-23 02:00:00,16.2,1,26,82,106
1275,1275,2024-02-23 03:00:00,14.8,0,26,84,105
1276,1276,2024-02-23 04:00:00,16.9,0,26,85,105
1277,1277,2024-02-23 05:00:00,16.1,1,25,87,106
1278,1278,2024-02-23 06:00:00,21.7,0,25,88,105
1279,1279,2024-02-23 07:00:00,23.0,0,26,83,102
1280,1280,2024-02-23 08:00:00,18.0,1,28,71,113
1281,1281,2024-02-23 09:00:00,18.0,1,30,63,131
1282,1282,2024-02-23 10:00:00,12.1,1,31,56,159
1283,1283,2024-02-23 11:00:00,10.1,1,32,52,164
1284,1284,2024-02-23 12:00:00,7.3,1,32,50,171
1285,1285,2024-02-23 13:00:00,6.9,1,33,49,176
1286,1286,2024-02-23 14:00:00,5.3,1,33,48,175
1287,1287,2024-02-23 15:00:00,5.6,1,33,50,185
1288,1288,2024-02-23 16:00:00,8.6,1,32,52,192
1289,1289,2024-02-23 17:00:00,10.0,1,31,53,189
1290,1290,2024-02-23 18:00:00,12.1,1,30,62,136
1291,1291,2024-02-23 19:00:00,10.4,1,29,68,131
1292,1292,2024-02-23 20:00:00,15.6,1,28,71,112
1293,1293,2024-02-23 21:00:00,18.3,1,28,73,113
1294,1294,2024-02-23 22:00:00,12.4,1,28,75,111
1295,1295,2024-02-23 23:00:00,10.2,1,28,75,115
1296,1296,2024-02-24 00:00:00,12.6,1,27,76,109
1297,1297,2024-02-24 01:00:00,10.0,1,27,75,117
1298,1298,2024-02-24 02:00:00,11.4,1,27,73,119
1299,1299,2024-02-24 03:00:00,7.2,1,27,76,110
1300,1300,2024-02-24 04:00:00,8.8,1,27,77,106
1301,1301,2024-02-24 05:00:00,11.1,1,27,76,103
1302,1302,2024-02-24 06:00:00,18.9,1,26,78,103
1303,1303,2024-02-24 07:00:00,15.0,1,27,75,92
1304,1304,2024-02-24 08:00:00,10.3,1,29,67,115
1305,1305,2024-02-24 09:00:00,13.7,1,31,58,115
1306,1306,2024-02-24 10:00:00,11.7,1,31,54,125
1307,1307,2024-02-24 11:00:00,10.2,1,32,47,161
1308,1308,2024-02-24 12:00:00,8.2,1,33,47,139
1309,1309,2024-02-24 13:00:00,9.2,1,33,46,152
1310,1310,2024-02-24 14:00:00,6.8,1,33,48,149
1311,1311,2024-02-24 15:00:00,6.4,1,33,48,166
1312,1312,2024-02-24 16:00:00,12.4,1,32,51,159
1313,1313,2024-02-24 17:00:00,10.9,1,31,54,179
1314,1314,2024-02-24 18:00:00,14.0,1,30,61,190
1315,1315,2024-02-24 19:00:00,17.5,1,29,68,154
1316,1316,2024-02-24 20:00:00,16.1,2,28,69,132
1317,1317,2024-02-24 21:00:00,12.7,1,28,71,121
1318,1318,2024-02-24 22:00:00,11.1,2,28,74,118
1319,1319,2024-02-24 23:00:00,17.0,1,28,72,114
1320,1320,2024-02-25 00:00:00,13.3,1,28,72,123
1321,1321,2024-02-25 01:00:00,10.5,1,27,73,135
1322,1322,2024-02-25 02:00:00,10.8,1,27,74,144
1323,1323,2024-02-25 03:00:00,7.1,1,27,75,92
1324,1324,2024-02-25 04:00:00,10.0,1,26,77,97
1325,1325,2024-02-25 05:00:00,13.3,1,26,77,100
1326,1326,2024-02-25 06:00:00,16.3,1,26,78,97
1327,1327,2024-02-25 07:00:00,13.2,1,27,75,100
1328,1328,2024-02-25 08:00:00,13.7,1,29,65,92
1329,1329,2024-02-25 09:00:00,10.5,1,31,59,111
1330,1330,2024-02-25 10:00:00,12.4,1,32,54,135
1331,1331,2024-02-25 11:00:00,17.8,1,33,48,138
1332,1332,2024-02-25 12:00:00,15.7,1,34,44,185
1333,1333,2024-02-25 13:00:00,12.0,1,33,51,172
1334,1334,2024-02-25 14:00:00,13.6,1,33,52,159
1335,1335,2024-02-25 15:00:00,17.5,1,33,54,155
1336,1336,2024-02-25 16:00:00,20.0,2,32,58,153
1337,1337,2024-02-25 17:00:00,20.4,2,31,61,156
1338,1338,2024-02-25 18:00:00,22.6,1,29,67,144
1339,1339,2024-02-25 19:00:00,26.2,2,29,69,126
1340,1340,2024-02-25 20:00:00,25.4,1,29,72,185
1341,1341,2024-02-25 21:00:00,19.1,1,28,72,142
1342,1342,2024-02-25 22:00:00,21.2,1,28,68,140
1343,1343,2024-02-25 23:00:00,17.7,1,28,70,113
1344,1344,2024-02-26 00:00:00,18.1,1,28,72,120
1345,1345,2024-02-26 01:00:00,15.2,1,28,74,124
1346,1346,2024-02-26 02:00:00,14.8,1,27,74,125
1347,1347,2024-02-26 03:00:00,12.9,1,27,74,122
1348,1348,2024-02-26 04:00:00,17.3,1,27,75,123
1349,1349,2024-02-26 05:00:00,15.6,1,27,75,122
1350,1350,2024-02-26 06:00:00,27.4,1,27,76,115
1351,1351,2024-02-26 07:00:00,27.3,1,28,73,121
1352,1352,2024-02-26 08:00:00,19.2,1,29,68,117
1353,1353,2024-02-26 09:00:00,22.5,1,30,63,135
1354,1354,2024-02-26 10:00:00,22.4,1,32,55,200
1355,1355,2024-02-26 11:00:00,18.9,1,32,52,158
1356,1356,2024-02-26 12:00:00,20.0,1,33,49,221
1357,1357,2024-02-26 13:00:00,18.3,1,33,45,171
1358,1358,2024-02-26 14:00:00,17.8,1,33,47,201
1359,1359,2024-02-26 15:00:00,19.8,1,33,51,153
1360,1360,2024-02-26 16:00:00,18.3,1,32,54,163
1361,1361,2024-02-26 17:00:00,16.8,1,31,56,187
1362,1362,2024-02-26 18:00:00,22.9,1,30,63,158
1363,1363,2024-02-26 19:00:00,19.8,1,29,69,170
1364,1364,2024-02-26 20:00:00,20.2,1,29,72,191
1365,1365,2024-02-26 21:00:00,16.0,1,28,72,139
1366,1366,2024-02-26 22:00:00,18.7,1,28,72,119
1367,1367,2024-02-26 23:00:00,16.6,1,28,72,116
1368,1368,2024-02-27 00:00:00,14.1,1,28,72,102
1369,1369,2024-02-27 01:00:00,17.2,1,28,73,96
1370,1370,2024-02-27 02:00:00,11.5,1,28,74,114
1371,1371,2024-02-27 03:00:00,9.7,1,27,75,94
1372,1372,2024-02-27 04:00:00,12.4,1,27,77,95
1373,1373,2024-02-27 05:00:00,18.8,1,27,77,114
1374,1374,2024-02-27 06:00:00,24.7,1,27,77,103
1375,1375,2024-02-27 07:00:00,17.7,1,27,75,108
1376,1376,2024-02-27 08:00:00,20.6,1,29,67,96
1377,1377,2024-02-27 09:00:00,18.4,1,30,62,119
1378,1378,2024-02-27 10:00:00,18.0,1,32,52,162
1379,1379,2024-02-27 11:00:00,18.0,1,32,51,149
1380,1380,2024-02-27 12:00:00,15.3,1,33,49,188
1381,1381,2024-02-27 13:00:00,12.3,1,33,48,168
1382,1382,2024-02-27 14:00:00,10.2,1,33,49,186
1383,1383,2024-02-27 15:00:00,18.1,1,32,51,190
1384,1384,2024-02-27 16:00:00,13.5,1,32,56,181
1385,1385,2024-02-27 17:00:00,12.1,1,30,61,197
1386,1386,2024-02-27 18:00:00,15.3,1,29,66,178
1387,1387,2024-02-27 19:00:00,21.7,1,29,67,162
1388,1388,2024-02-27 20:00:00,17.5,1,29,68,134
1389,1389,2024-02-27 21:00:00,21.1,1,29,69,140
1390,1390,2024-02-27 22:00:00,23.2,1,29,70,111
1391,1391,2024-02-27 23:00:00,16.2,1,28,71,120
1392,1392,2024-02-28 00:00:00,18.3,1,28,72,119
1393,1393,2024-02-28 01:00:00,14.5,1,28,74,140
1394,1394,2024-02-28 02:00:00,12.4,1,28,74,117
1395,1395,2024-02-28 03:00:00,11.7,1,28,74,115
1396,1396,2024-02-28 04:00:00,17.8,1,27,74,108
1397,1397,2024-02-28 05:00:00,18.0,1,27,75,83
1398,1398,2024-02-28 06:00:00,18.9,1,27,76,96
1399,1399,2024-02-28 07:00:00,19.8,1,28,73,85
1400,1400,2024-02-28 08:00:00,19.0,1,29,67,117
1401,1401,2024-02-28 09:00:00,18.9,1,31,58,124
1402,1402,2024-02-28 10:00:00,18.0,1,32,52,181
1403,1403,2024-02-28 11:00:00,16.1,1,33,50,204
1404,1404,2024-02-28 12:00:00,13.2,1,33,48,189
1405,1405,2024-02-28 13:00:00,15.1,1,34,47,194
1406,1406,2024-02-28 14:00:00,14.3,1,33,50,188
1407,1407,2024-02-28 15:00:00,16.3,1,33,52,198
1408,1408,2024-02-28 16:00:00,16.0,1,32,53,179
1409,1409,2024-02-28 17:00:00,23.1,1,31,57,209
1410,1410,2024-02-28 18:00:00,27.7,1,29,61,216
1411,1411,2024-02-28 19:00:00,23.6,1,29,64,184
1412,1412,2024-02-28 20:00:00,25.2,1,29,64,183
1413,1413,2024-02-28 21:00:00,23.2,1,29,64,159
1414,1414,2024-02-28 22:00:00,24.7,1,28,65,134
1415,1415,2024-02-28 23:00:00,19.8,1,28,65,94
1416,1416,2024-02-29 00:00:00,18.5,1,28,66,91
1417,1417,2024-02-29 01:00:00,16.1,1,27,68,96
1418,1418,2024-02-29 02:00:00,16.0,1,27,68,108
1419,1419,2024-02-29 03:00:00,15.4,1,27,68,98
1420,1420,2024-02-29 04:00:00,17.8,1,27,70,100
1421,1421,2024-02-29 05:00:00,22.5,1,26,71,106
1422,1422,2024-02-29 06:00:00,21.9,1,26,73,111
1423,1423,2024-02-29 07:00:00,23.2,1,26,74,109
1424,1424,2024-02-29 08:00:00,24.5,1,29,64,114
1425,1425,2024-02-29 09:00:00,21.1,1,30,58,116
1426,1426,2024-02-29 10:00:00,20.2,1,32,51,117
1427,1427,2024-02-29 11:00:00,15.8,1,33,44,122
1428,1428,2024-02-29 12:00:00,13.9,1,33,43,146
1429,1429,2024-02-29 13:00:00,13.8,1,33,44,150
1430,1430,2024-02-29 14:00:00,13.6,1,33,45,156
1431,1431,2024-02-29 15:00:00,14.9,1,33,44,144
1432,1432,2024-02-29 16:00:00,17.0,2,33,45,144
1433,1433,2024-02-29 17:00:00,17.4,1,32,55,145
1434,1434,2024-02-29 18:00:00,18.5,1,30,65,132
1435,1435,2024-02-29 19:00:00,23.4,1,29,70,116
1436,1436,2024-02-29 20:00:00,21.8,1,29,71,151
1437,1437,2024-02-29 21:00:00,25.1,1,28,71,143
1438,1438,2024-02-29 22:00:00,19.5,1,28,71,120
1439,1439,2024-02-29 23:00:00,18.4,1,28,72,110
1440,1440,2024-03-01 00:00:00,20.5,1,28,72,111
1441,1441,2024-03-01 01:00:00,22.7,1,28,74,108
1442,1442,2024-03-01 02:00:00,19.6,2,28,77,117
1443,1443,2024-03-01 03:00:00,15.4,1,27,78,112
1444,1444,2024-03-01 04:00:00,19.4,1,27,78,103
1445,1445,2024-03-01 05:00:00,26.0,1,27,80,98
1446,1446,2024-03-01 06:00:00,22.6,1,27,80,98
1447,1447,2024-03-01 07:00:00,19.8,1,28,76,106
1448,1448,2024-03-01 08:00:00,23.5,1,30,70,115
1449,1449,2024-03-01 09:00:00,20.4,1,30,66,127
1450,1450,2024-03-01 10:00:00,21.3,1,32,61,143
1451,1451,2024-03-01 11:00:00,16.3,1,33,54,187
1452,1452,2024-03-01 12:00:00,13.4,1,33,55,185
1453,1453,2024-03-01 13:00:00,13.5,1,33,52,187
1454,1454,2024-03-01 14:00:00,11.2,1,33,50,196
1455,1455,2024-03-01 15:00:00,14.0,1,33,51,191
1456,1456,2024-03-01 16:00:00,17.7,1,32,53,167
1457,1457,2024-03-01 17:00:00,16.7,1,31,60,172
1458,1458,2024-03-01 18:00:00,17.7,2,30,66,129
1459,1459,2024-03-01 19:00:00,21.6,1,29,69,128
1460,1460,2024-03-01 20:00:00,21.2,1,29,69,118
1461,1461,2024-03-01 21:00:00,25.7,1,28,70,122
1462,1462,2024-03-01 22:00:00,24.1,1,28,72,111
1463,1463,2024-03-01 23:00:00,27.2,1,28,73,115
1464,1464,2024-03-02 00:00:00,23.5,1,28,74,125
1465,1465,2024-03-02 01:00:00,24.2,1,28,72,137
1466,1466,2024-03-02 02:00:00,17.6,1,28,72,125
1467,1467,2024-03-02 03:00:00,15.2,1,28,74,121
1468,1468,2024-03-02 04:00:00,16.5,1,27,76,111
1469,1469,2024-03-02 05:00:00,22.6,1,28,76,117
1470,1470,2024-03-02 06:00:00,22.8,1,27,76,107
1471,1471,2024-03-02 07:00:00,21.0,1,28,76,108
1472,1472,2024-03-02 08:00:00,21.1,1,29,73,108
1473,1473,2024-03-02 09:00:00,18.6,1,30,71,116
1474,1474,2024-03-02 10:00:00,18.5,1,31,61,122
1475,1475,2024-03-02 11:00:00,23.0,1,32,57,141
1476,1476,2024-03-02 12:00:00,16.9,1,33,55,170
1477,1477,2024-03-02 13:00:00,19.5,1,33,55,172
1478,1478,2024-03-02 14:00:00,14.8,1,32,58,163
1479,1479,2024-03-02 15:00:00,12.7,1,31,60,176
1480,1480,2024-03-02 16:00:00,17.4,1,31,61,169
1481,1481,2024-03-02 17:00:00,20.2,1,30,66,179
1482,1482,2024-03-02 18:00:00,21.1,1,29,69,155
1483,1483,2024-03-02 19:00:00,25.7,1,29,72,144
1484,1484,2024-03-02 20:00:00,22.8,1,29,72,123
1485,1485,2024-03-02 21:00:00,22.8,1,29,72,105
1486,1486,2024-03-02 22:00:00,21.5,1,29,70,103
1487,1487,2024-03-02 23:00:00,18.2,1,29,70,109
1488,1488,2024-03-03 00:00:00,17.5,1,28,73,111
1489,1489,2024-03-03 01:00:00,16.3,1,28,75,105
1490,1490,2024-03-03 02:00:00,17.1,1,28,76,111
1491,1491,2024-03-03 03:00:00,17.1,1,28,76,112
1492,1492,2024-03-03 04:00:00,15.9,1,28,78,106
1493,1493,2024-03-03 05:00:00,21.9,1,27,79,109
1494,1494,2024-03-03 06:00:00,19.8,1,27,80,90
1495,1495,2024-03-03 07:00:00,20.1,1,28,76,94
1496,1496,2024-03-03 08:00:00,18.1,1,29,69,102
1497,1497,2024-03-03 09:00:00,16.8,1,31,61,109
1498,1498,2024-03-03 10:00:00,18.3,1,32,57,173
1499,1499,2024-03-03 11:00:00,15.8,1,33,54,145
1500,1500,2024-03-03 12:00:00,14.8,1,33,51,191
1501,1501,2024-03-03 13:00:00,16.0,1,33,52,187
1502,1502,2024-03-03 14:00:00,14.5,1,33,53,194
1503,1503,2024-03-03 15:00:00,15.6,1,33,50,227
1504,1504,2024-03-03 16:00:00,20.3,2,32,45,216
1505,1505,2024-03-03 17:00:00,19.0,1,31,55,186
1506,1506,2024-03-03 18:00:00,18.0,1,29,62,169
1507,1507,2024-03-03 19:00:00,20.5,1,29,66,141
1508,1508,2024-03-03 20:00:00,21.6,1,29,68,126
1509,1509,2024-03-03 21:00:00,18.2,1,29,69,125
1510,1510,2024-03-03 22:00:00,16.4,1,28,69,122
1511,1511,2024-03-03 23:00:00,22.6,1,28,70,105
1512,1512,2024-03-04 00:00:00,17.1,1,28,73,98
1513,1513,2024-03-04 01:00:00,17.4,1,28,73,119
1514,1514,2024-03-04 02:00:00,12.4,1,28,74,112
1515,1515,2024-03-04 03:00:00,12.9,1,27,76,113
1516,1516,2024-03-04 04:00:00,20.6,1,27,77,110
1517,1517,2024-03-04 05:00:00,24.1,1,27,78,113
1518,1518,2024-03-04 06:00:00,24.0,1,27,81,109
1519,1519,2024-03-04 07:00:00,22.9,1,28,75,107
1520,1520,2024-03-04 08:00:00,19.4,2,29,68,115
1521,1521,2024-03-04 09:00:00,22.1,1,31,63,111
1522,1522,2024-03-04 10:00:00,19.2,1,32,56,115
1523,1523,2024-03-04 11:00:00,20.7,1,33,52,138
1524,1524,2024-03-04 12:00:00,20.4,1,33,50,151
1525,1525,2024-03-04 13:00:00,14.7,1,33,50,154
1526,1526,2024-03-04 14:00:00,18.7,2,33,51,141
1527,1527,2024-03-04 15:00:00,16.2,1,33,53,169
1528,1528,2024-03-04 16:00:00,18.5,1,32,55,181
1529,1529,2024-03-04 17:00:00,18.2,1,31,59,150
1530,1530,2024-03-04 18:00:00,15.9,1,30,66,121
1531,1531,2024-03-04 19:00:00,17.5,2,29,70,116
1532,1532,2024-03-04 20:00:00,23.9,2,29,73,115
1533,1533,2024-03-04 21:00:00,20.4,2,28,75,113
1534,1534,2024-03-04 22:00:00,19.5,1,28,77,110
1535,1535,2024-03-04 23:00:00,20.1,1,28,77,110
1536,1536,2024-03-05 00:00:00,21.5,1,28,76,110
1537,1537,2024-03-05 01:00:00,16.4,1,27,80,110
1538,1538,2024-03-05 02:00:00,20.3,1,27,83,107
1539,1539,2024-03-05 03:00:00,17.3,1,27,85,107
1540,1540,2024-03-05 04:00:00,20.1,0,26,86,107
1541,1541,2024-03-05 05:00:00,27.2,0,26,86,106
1542,1542,2024-03-05 06:00:00,18.0,0,0,34,104
1543,1543,2024-03-05 07:00:00,18.0,1,0,0,106
1544,1544,2024-03-05 08:00:00,18.0,1,0,0,107
1545,1545,2024-03-05 09:00:00,18.0,1,0,15,110
1546,1546,2024-03-05 10:00:00,18.0,2,32,59,123
1547,1547,2024-03-05 11:00:00,24.0,2,33,55,123
1548,1548,2024-03-05 12:00:00,23.1,2,34,50,130
1549,1549,2024-03-05 13:00:00,21.0,2,34,48,139
1550,1550,2024-03-05 14:00:00,22.5,2,35,43,139
1551,1551,2024-03-05 15:00:00,19.2,2,34,49,145
1552,1552,2024-03-05 16:00:00,21.7,2,33,52,146
1553,1553,2024-03-05 17:00:00,24.6,2,32,59,138
1554,1554,2024-03-05 18:00:00,20.8,2,30,64,128
1555,1555,2024-03-05 19:00:00,23.3,1,29,69,116
1556,1556,2024-03-05 20:00:00,29.5,1,29,72,111
1557,1557,2024-03-05 21:00:00,28.5,1,29,73,108
1558,1558,2024-03-05 22:00:00,23.8,0,28,74,105
1559,1559,2024-03-05 23:00:00,23.1,1,28,77,88
1560,1560,2024-03-06 00:00:00,22.2,0,28,78,98
1561,1561,2024-03-06 01:00:00,22.5,1,27,80,93
1562,1562,2024-03-06 02:00:00,25.1,2,27,82,88
1563,1563,2024-03-06 03:00:00,20.4,1,26,84,93
1564,1564,2024-03-06 04:00:00,30.2,0,26,85,102
1565,1565,2024-03-06 05:00:00,23.1,1,26,85,96
1566,1566,2024-03-06 06:00:00,33.0,1,26,87,89
1567,1567,2024-03-06 07:00:00,30.3,1,26,85,100
1568,1568,2024-03-06 08:00:00,38.1,1,28,75,93
1569,1569,2024-03-06 09:00:00,36.9,1,30,65,91
1570,1570,2024-03-06 10:00:00,35.3,2,32,58,84
1571,1571,2024-03-06 11:00:00,23.4,2,34,51,90
1572,1572,2024-03-06 12:00:00,23.5,2,35,46,121
1573,1573,2024-03-06 13:00:00,23.5,3,35,48,134
1574,1574,2024-03-06 14:00:00,21.0,3,35,47,139
1575,1575,2024-03-06 15:00:00,23.8,2,35,48,145
1576,1576,2024-03-06 16:00:00,17.6,3,34,53,141
1577,1577,2024-03-06 17:00:00,16.7,2,33,55,129
1578,1578,2024-03-06 18:00:00,20.6,2,31,57,120
1579,1579,2024-03-06 19:00:00,25.4,2,30,63,118
1580,1580,2024-03-06 20:00:00,24.6,1,30,68,107
1581,1581,2024-03-06 21:00:00,19.5,1,29,69,103
1582,1582,2024-03-06 22:00:00,20.1,1,29,74,94
1583,1583,2024-03-06 23:00:00,16.7,1,28,76,93
1584,1584,2024-03-07 00:00:00,21.8,0,28,80,104
1585,1585,2024-03-07 01:00:00,21.4,1,27,82,103
1586,1586,2024-03-07 02:00:00,17.0,1,27,84,100
1587,1587,2024-03-07 03:00:00,28.3,1,26,86,104
1588,1588,2024-03-07 04:00:00,21.4,1,26,86,97
1589,1589,2024-03-07 05:00:00,17.2,1,26,86,102
1590,1590,2024-03-07 06:00:00,13.7,0,26,88,104
1591,1591,2024-03-07 07:00:00,31.1,1,26,85,95
1592,1592,2024-03-07 08:00:00,33.2,1,29,74,99
1593,1593,2024-03-07 09:00:00,32.1,1,31,65,116
1594,1594,2024-03-07 10:00:00,28.2,2,32,58,116
1595,1595,2024-03-07 11:00:00,28.8,2,34,49,120
1596,1596,2024-03-07 12:00:00,21.4,3,35,44,130
1597,1597,2024-03-07 13:00:00,22.3,3,36,42,140
1598,1598,2024-03-07 14:00:00,18.7,3,36,39,145
1599,1599,2024-03-07 15:00:00,22.1,2,35,42,142
1600,1600,2024-03-07 16:00:00,19.2,2,34,44,139
1601,1601,2024-03-07 17:00:00,18.0,1,32,54,142
1602,1602,2024-03-07 18:00:00,15.8,1,30,60,140
1603,1603,2024-03-07 19:00:00,16.4,1,30,64,109
1604,1604,2024-03-07 20:00:00,23.3,1,30,67,106
1605,1605,2024-03-07 21:00:00,20.2,1,29,69,104
1606,1606,2024-03-07 22:00:00,29.2,1,29,74,95
1607,1607,2024-03-07 23:00:00,21.9,1,28,74,100
